meeting_id,speaker_id,role,word_count,avg_sentence_len,question_count,hard_directive_count,soft_help_count,directive_count,uncertainty_count,is_greeting_only,sentiment_score,lm_manager_prob,word_count_rel,directive_count_rel,word_count_share,tfidf_0,tfidf_1,tfidf_2,tfidf_3,tfidf_4,tfidf_5,tfidf_6,tfidf_7,tfidf_8,tfidf_9,tfidf_10,tfidf_11,tfidf_12,tfidf_13,tfidf_14,tfidf_15,tfidf_16,tfidf_17,tfidf_18,tfidf_19,tfidf_20,tfidf_21,tfidf_22,tfidf_23,tfidf_24,tfidf_25,tfidf_26,tfidf_27,tfidf_28,tfidf_29,tfidf_30,tfidf_31
scrum_001,spk_1,manager,34,6.8,1,0,0,0,1,0,0.5625,0.8,1.3599999999456,0.0,0.33999999999659997,0.2443098972963148,0.2305264590493952,0.030539362081609688,0.05667007930085755,-0.15802347787534912,-0.13084908461183875,0.1122148463819007,0.025467655773919524,0.007776567186059309,-0.06038651953028045,0.044349738933667636,-0.09617511465834733,0.03989638604079798,-0.03888680306826196,-0.09405400773200205,-0.05390972638476101,-0.01873237241875223,0.11991496482117317,-0.04186769579614531,-0.15441451281071972,0.026837808552135942,0.05363749157304121,0.030263868911219093,0.09441889605663563,-0.07825375914503468,0.05713528161663614,0.12671958773689704,0.03502201371434218,0.014671653435903619,-0.015886289083628314,-0.004394845959752478,0.13753401201052146
scrum_001,spk_2,other,16,5.333333333333333,0,0,0,0,0,0,0.0,0.0,0.6399999999744,0.0,0.1599999999984,0.31038046809797737,-0.11263923948851351,0.09195522024694619,0.037708359553597505,-0.04181243087551217,0.19803340474930411,0.09371576529505393,-0.12818095359828097,0.06760042248116503,0.20158380445646176,0.10040271370799136,-0.03945645560535785,0.07566564616785251,0.3395773955073911,-0.15011926375155052,-0.1126632227984352,-0.013204460150157948,-0.10183571045493793,0.11774039329560147,-0.0005477601262226262,-0.05346541693928673,0.09954372302920066,-0.14252844079687413,-0.007003954090405075,-0.15391056863133412,0.057794976294686634,-0.26568064561274457,0.043589447389158216,0.1153467961894173,0.013194656033075607,0.18471505567223812,0.12023113546904785
scrum_001,spk_3,junior,31,10.333333333333334,1,0,0,0,1,0,-0.12142857142857144,0.0,1.2399999999504,0.0,0.3099999999969,0.2592924726728388,-0.040594420181361814,-0.04310928553066026,-0.08808967525516964,0.017246603981048284,0.028639123374475044,0.16288345304522384,-0.014566125844473306,-0.04865576986300464,-0.024198037962875604,0.06003841665769254,0.058355587083243704,0.014805516877487615,-0.06450602345841643,-0.07194585906994987,-0.08636448697274639,-0.07313529657563264,0.0030369976169841227,-0.04653138801703549,-0.10576617686467543,0.021605172659496786,-0.06589361230375003,-0.10232823366560315,-0.016940674625420194,0.05425124551165025,-0.006361887831226595,0.054183927905223125,0.05518080857436041,0.021489848746287704,0.06462173224679787,0.016846690141789245,0.11361605734314693
scrum_001,spk_4,other,19,6.333333333333333,0,0,0,0,0,0,-0.06666666666666667,0.2,0.7599999999696,0.0,0.1899999999981,0.13987395891852272,-0.08530436118751164,0.052017065243420105,0.09046721023051736,-0.04263133236636443,0.0017146400366093084,-0.14114487513180743,-0.006974863637536177,0.004268707766392738,-0.07279180916436351,0.005521704518758629,-0.014852109257959578,0.02268542486942111,-0.13595534512103427,0.08829220282697389,0.013109094125941675,-0.07917196509706226,-0.039467536537043976,-0.128938142890937,0.1182446267439136,0.07982933335348313,0.14021355887453724,-0.09549605435573756,0.11255234545342194,-0.057197166756961,-0.07863186359202518,0.0403224835111522,0.05943875949207538,0.04987961844999376,-0.052880158342956174,-0.09328972398973791,0.028006057957821837
scrum_002,spk_1,manager,26,6.5,1,0,1,1,0,0,0.3611111111111111,0.8,1.1304347825595462,3.9999999839999996,0.28260869564910207,0.1532690285721488,0.27956212278212966,0.09188108771229196,-0.025163156208333412,0.10170670734469091,0.10811401380794816,-0.03268234911633818,-0.025880998585735393,0.009181319214767728,-0.041534643351032755,-0.013040420709190405,0.16794124113101028,0.060939449228195414,0.011369776147712318,0.10625218663416483,0.004746891040558506,-0.15424756472464646,-0.14344846243220044,-0.007297451910175,-0.01990891114571612,-0.01065640162262449,-0.02162604173146222,0.05962311658515867,-0.23138213983136804,0.0983292609022632,-0.09025891628462206,-0.0019800193503084606,-0.08488689700520573,0.06656026850146575,-0.0006717097984454126,-0.006809785063582601,0.024651711365267327
scrum_002,spk_2,other,24,8.0,0,0,0,0,0,0,0.0,0.2,1.0434782608241966,0.0,0.26086956521455573,0.28131572261937177,-0.05245035820199323,-0.02630371347911974,-0.2244760395961284,0.19005561744849972,0.05331675289767744,0.0010774082345999271,-0.034364492954873094,-0.02664051360485199,0.014748665617571445,0.06077196572394899,-0.05942180727933917,-0.04850886364296517,-0.10136192977648151,-0.09687041392921664,0.09229539645505233,0.11549903383449585,0.043262602300086994,-0.047468124487198476,0.001933982462389574,-0.1996518444387347,-0.06018934997835517,-0.07654770417671788,0.09372743243084102,0.06963523827493386,0.008848788049075233,0.023232167507822282,-0.07216154331118733,0.07825965993474805,-0.14842152018876326,0.042170743025647967,0.06361162888832145
scrum_002,spk_3,junior,27,13.5,0,0,0,0,2,0,-0.08198051948051949,0.0,1.1739130434272211,0.0,0.29347826086637524,0.1304578546418096,0.029546604373907038,-0.24454809151986506,-0.07887649912873744,-0.14079170222231607,-0.022012456810934975,0.04994737282824868,0.03680642977519435,0.10266744608361363,-0.09293078167227542,0.1405638438542756,0.30276129544372343,0.007492900739191395,-0.008492712862214404,-0.09046786153858319,-0.06949276840400188,0.11671157522859045,0.06325057814461335,0.01471226546186458,0.10405194499931468,0.1803938915983591,-0.010303703434292833,0.11417211295958281,-0.005900840223449843,-0.0030250583650429327,-0.005706491390310631,-0.09934549222175364,0.17662451822442612,-0.14965205229284412,-0.012964084090461256,0.03270389089950207,-0.06631550675634972
scrum_002,spk_4,other,15,5.0,0,0,0,0,0,0,0.0,0.2,0.6521739130151228,0.0,0.16304347825909735,0.181933878558014,-0.04654400628509258,-0.022356142209884345,0.1804709886292676,0.00257953602757677,-0.00046591564729006715,0.03702054223967133,-0.06902862766486625,-0.016538727944996518,0.0566163492724995,-0.04341567093936148,0.01789204179714284,-0.03775154337632941,-0.0029691892440837585,0.05818119291935786,-0.012022319682893233,0.07365414755766601,-0.1329157636031215,0.05644264484856569,0.3132795023738184,-0.20396950857678206,-0.05067488256010538,-0.0239829806099293,-0.07923108889371153,-0.02644560915005104,0.13891021046311736,0.13015166791340269,0.16605897269846537,-0.11388858385233408,-0.07273171259858341,-0.2375292827077722,0.017023264681728958
scrum_003,spk_1,manager,30,5.0,0,0,0,0,0,0,0.0,0.8,1.2499999999479168,0.0,0.31249999999674477,0.191516917907116,0.20918731178111497,0.03426975897071221,0.07020362197448891,0.052220251785246405,-0.02076652246835915,0.03978583795960754,0.0034779244157703846,-0.02706184230272059,0.0567368763947331,-0.05731043535163905,0.05603126161256155,0.04749619017748731,0.0031268250988655665,0.03260791257914492,-0.1006556123154752,0.017965626714217364,-0.06630301548206716,-0.09661588052699083,-0.048929324708388976,-0.03681934100053298,-0.005280903656841531,0.01193545239336046,-0.021686825308240898,0.018387631731161293,0.06842199783689937,0.11243503197541564,0.1109013953121191,-0.019963735797619904,-0.0241473275508626,-0.06264107154082765,-0.06105096043173638
scrum_003,spk_2,other,24,8.0,0,0,0,0,0,0,0.0,0.0,0.9999999999583333,0.0,0.24999999999739583,0.26292510546739584,-0.02869734555214591,-0.008871955550635701,-0.0972452267592079,0.10042697123922502,-0.01633424957318443,0.021627939868222673,0.0102212538735784,-0.033086420925414466,0.1538701547923889,0.003854284959476346,-0.018685484601230578,0.053712525843504146,0.1753183321595323,0.03459308344274244,-0.02612752048449336,0.02824866429387149,-0.14614625317610377,-0.045526843701821834,0.021816810926379764,-0.02980424792442798,0.12276908555290938,0.06474465820584695,-0.09008152356565961,0.09276123486739785,-0.09120615520922584,0.09874064848227859,0.1260528933317016,-0.11777324517218095,-0.06774510498307836,0.009914559362877261,0.0869919317391299
scrum_003,spk_3,junior,26,8.666666666666666,0,0,0,0,2,0,-0.040000000000000015,0.0,1.0833333332881945,0.0,0.2708333333305121,0.09308971779224595,0.00483942987477161,-0.13008873780730806,-0.1141556840508233,-0.14101272341305152,-0.16016496771333577,-0.1484980308327564,0.08746592275997454,-0.018801716197842214,-0.044850552686640885,-0.27010055181192527,-0.025004417043187326,0.06721518061914789,0.04026658258101626,0.08836894274792763,-0.007015684040363974,-0.007371982865666959,-0.1011257640337805,0.0885750642487987,0.009097755150383108,0.06920642507229277,-0.04756288290066026,-0.1335090606974045,0.1705130994667201,0.05099160595288994,-0.06356569646938975,-0.14654655064489858,0.054646912319530956,-0.011468964142308543,0.02578124214309491,0.05004809300148914,-0.020671899240875504
scrum_003,spk_4,other,16,8.0,0,1,0,1,0,0,0.0,0.2,0.6666666666388888,3.9999999839999996,0.16666666666493055,0.10187207631263673,0.018593578479168444,-0.16704142084630474,0.2630183462480704,0.0906359049771425,0.0868080017399271,-0.0487476986492784,-0.04148619036557998,-0.002115198304949858,0.010566434590916503,-0.14812188984350103,-0.004507489579172602,-0.005582022762397118,0.0016835151524036106,-0.1201332607219766,-0.00853515672375428,-0.04093665905395214,0.05260359606679754,-0.022034402982353412,-0.07470558913626436,-0.07627739768437217,0.041181552886332996,0.039431229801512174,0.033501864672425524,0.05041043847374539,-0.1364039591607362,-0.07389111107468645,-0.10770555940877719,-0.027058014344081,0.06380779315721917,-0.08676397130769137,-0.10202678451704725
scrum_004,spk_1,manager,22,5.5,0,0,0,0,0,0,0.3333333333333333,0.8,1.0731707316549672,0.0,0.2682926829235574,0.18865939693210698,0.23351553131589217,0.07827228899131818,0.11880158958023926,0.007810371497348191,-0.028143751108344117,-0.03437690855161694,-0.009193298475441794,0.07467597036030786,-0.03570117983624292,0.053143777826886104,-0.07306613982192552,-0.06208818100827773,0.023180198900738767,-0.044436230107858916,0.02250058931551572,0.039300706300662534,0.09013760046084986,0.07464021368287721,0.040318188932826016,0.08002801755408001,-0.029654028017906307,-0.03556252782341371,-0.026751807911248496,-0.07849947376896185,0.02322675306214281,0.05629264401284409,-0.06973983471857069,-0.0008637051282975425,0.053024532337588456,-0.03269251477566976,0.10000090476643321
scrum_004,spk_2,other,20,6.666666666666667,0,0,0,0,0,0,0.0,0.2,0.9756097560499702,0.0,0.2439024390214158,0.32908720405946423,-0.09570065827810563,0.05714729759167226,-0.09424950654762199,0.07524483037444799,0.02892209350336684,0.018004293303954585,-0.019580974276872786,-0.016032056134286255,0.0642437338381478,0.05458532311392076,-0.1556362714032857,-0.03798022855387908,-0.1134905887120539,0.04454485355642988,-0.07861173073091733,-0.0401402381826294,-0.19800103006686692,0.05495548875699188,0.25591387681075906,0.03379755847767009,-0.24276049279888937,0.16853916295322344,-0.014926320049690484,-0.06171038725569689,-0.03729284651538527,-0.021386509516135934,-0.0293958003868868,-0.0058184331729283,-0.03231663795942651,0.07907802511174583,-0.03393217219480258
scrum_004,spk_3,junior,26,8.666666666666666,1,0,0,0,1,0,-0.05,0.0,1.2682926828649612,0.0,0.3170731707278406,0.10035717838136216,0.011642861474279762,-0.10323009471146503,0.11507599143139846,0.08989015390706737,-0.036639470086125836,-0.12473400364163967,-0.05363910428763678,-0.11657336464273156,-0.06689299485162159,0.07494900638200255,-0.10071446100093684,0.029932228446041164,-0.018966108466151464,-0.10828173684302789,0.07248866743029084,0.06111705843055836,-0.07338520426895155,-0.13323075557872766,0.023249399688886,0.08941287260514423,0.021287154406559965,-0.014611083699306,-0.19205624936224114,-0.04147644859340738,0.11734013075770698,-0.13368040200717765,-0.09403434144884501,-0.14010610715497737,-0.020803515040099373,-0.14950178977152112,0.11360915810757038
scrum_004,spk_4,other,14,7.0,0,0,0,0,0,0,0.0,0.2,0.6829268292349792,0.0,0.17073170731499107,0.040401705110310285,0.019466086087628835,-0.01393257163543916,0.03929395921343742,-0.004256662799781462,-0.0232746621717484,0.027999165282034114,0.032490550679025204,-0.02627120451491494,0.04867539901105788,0.03471114563834482,0.04118346006478805,0.0036422765144987286,0.011164242850190999,0.039408951417856115,0.041383230173611764,0.023135755972405365,-0.040388246363460785,-0.011101280975648376,0.05244038953734047,-0.08826425921638245,0.043713366960536806,0.04328961681891987,0.07058769554333624,0.08905639860594508,0.06828681406756384,-0.05624234274171308,-0.0324945262235476,-0.002070532656798369,0.07494576835695664,0.041431108948562285,0.11858679382788048
scrum_005,spk_1,manager,26,6.5,1,0,0,0,0,0,0.26111111111111107,0.2,1.3164556961358758,0.0,0.3291139240464669,0.14493403199327137,0.24066310925709136,0.038885072800923674,0.004348627821996848,0.04415988960672416,0.003683198029314731,0.021044001480174608,-0.030562476279140858,0.03124679373075838,-0.001613820998522456,-0.10259208720494706,-0.1203072134531859,0.09137369672613964,0.044009047693985254,0.014483155515451663,-0.03312542737765775,0.024939224413664945,-0.08145291778992853,-0.16570249439734644,-0.00408212256709002,-0.036596010455415356,0.03033037420616406,0.05199444486635159,-0.010231902209936795,0.035772423962572915,0.16911362088305137,-0.0228236550225897,0.00975044838367443,-0.04432457520181657,-0.0017127790195391353,-0.13918206675978664,-0.07632025368215556
scrum_005,spk_2,other,14,4.666666666666667,0,0,0,0,0,0,0.0,0.2,0.7088607594577792,0.0,0.1772151898711745,0.1801933297034052,-0.07072259754782721,-0.09478131708728546,0.2071654652107243,-0.03841547282913268,-0.010957354934819254,0.09054173508986325,-0.05788735746438174,0.04008420323692379,-0.014399732848279617,0.02558864726930612,0.11131397876142958,-0.25968115006586606,0.1125526040133466,0.0842853249203978,0.041240570408590374,-0.12298218889589854,0.03060763802657381,-0.043705829246736654,-0.05722616287876189,-0.10746592161672675,-0.13176143217929653,-0.08692024198697719,0.11493106532011998,0.07780593355541679,0.029182256739749567,0.17502637926074377,0.18435394465589217,0.22264025687102915,-0.04982407254825617,-0.08049280572677224,0.11789350679374824
scrum_005,spk_3,junior,22,22.0,0,0,0,0,1,0,-0.2,0.0,1.1139240505765102,0.0,0.27848101265470276,0.06694516422574043,0.022580493717117046,-0.13984261391244104,0.04702214060319584,-0.018495357852450704,0.074871919219675,0.16259550140287787,-0.050297576817006265,-0.10209411657577155,0.03470926210995248,-0.05336662670838932,-0.030528708058916745,-0.041848443640070745,-0.10279934325270418,-0.088142471769524,0.055248518477539005,-0.05190808102342504,0.02478855274299143,-0.05068279847699539,0.03967468959648764,-0.0724865131269885,0.02294022636134542,0.04978078118961083,-0.0533536468730527,0.0977262273081573,0.05439792578254014,0.042384317020970765,-0.11250357994440827,-0.17567426547849058,0.06422934706617059,0.24858033657291798,-0.013548045631151548
scrum_005,spk_4,other,17,8.5,0,0,0,0,0,0,0.0,0.0,0.8607594936273033,0.0,0.2151898734149976,0.17028362185491833,-0.02401567226733848,-0.019517404628000674,-0.04332490429664383,0.11404478691721645,-0.023992682427190905,-0.028664208969610413,-0.035591139771092434,-0.04442190660567149,0.04529173256454213,-0.021074795277494722,-0.027894821216883813,0.17991228281884244,0.012850759263944127,0.04665031780143213,0.028669497567317848,-0.10579859516290586,-0.09425826240514013,0.007530374349638571,0.08212176596451654,0.020137541211787943,-0.11862287640496655,0.04314263447992883,0.16638243150019388,-0.168259360625607,0.14426331249223212,0.18296089031593085,-0.08581824243905653,0.14734395211634027,0.12375478615180677,0.06280705743160223,-0.12757974400928676
scrum_006,spk_1,manager,31,6.2,1,1,0,1,0,0,0.5,0.8,1.5121951218774539,3.9999999839999996,0.3780487804831945,0.14999868670715016,0.23603757205934014,-0.0893479709146285,-0.06397948805741635,-0.0956982657099956,0.06762776618580375,0.12418582111622736,-0.11534686412254914,-0.05101520757050347,-0.09738565171499337,0.04859691745621871,0.08726224020223118,-0.008989151280774918,-0.11895583605460147,0.15561109014476796,0.012012726285050564,-0.20609703938800666,-0.043851347369445154,0.015774491736204523,-0.049525285826346487,-0.03896617172330428,0.021747635283434392,0.12112320888763366,-0.12322682396570762,-0.01701972774866303,-0.059163107882956485,-0.0660688347883535,-0.09377916307047787,-0.009576228817325673,0.008504121765673087,0.08184594291675007,-0.04579528346009318
scrum_006,spk_2,other,17,8.5,0,0,0,0,0,0,0.0,0.0,0.8292682926424747,0.0,0.20731707316820344,0.23768714531130786,-0.07675429565945026,0.01984534812424365,-0.058762032187526805,0.07088039990232534,0.023082892412155075,0.01057082303635881,0.013621562872348184,0.012919344201185642,0.010833283712152713,0.0261048130796092,-0.0362325804214953,-0.15317102959856513,-0.04412292228364129,0.04185180393481722,-0.01398273939736405,0.017748050972408357,-0.04603637422452828,-0.08627692256451883,-0.010865694704687779,0.07865503744382049,0.11297529560124601,0.05458532080086915,-0.0826561281328682,-0.028447990635355202,0.10705464096852166,-0.10137005793526706,-0.036096675385182506,0.01914811269529858,-0.012311447116853792,-0.03403560881220064,-0.045137843247556125
scrum_006,spk_3,junior,24,24.0,0,0,0,0,1,0,-0.25,0.0,1.1707317072599643,0.0,0.29268292682569896,0.10938698600638995,0.054541437131682274,-0.2013028550279408,-0.13968954954847254,-0.22327639632357588,-0.03482060166907888,-0.30523891247866775,0.00385176008135068,0.09760373438525632,0.02955440223797517,-0.13197341258182838,0.1693550946154123,-0.07444342766661162,0.008284848333816762,-0.13095746868127817,-0.103284684092054,-0.010663773766438624,-0.0785016515466251,-0.04750700151207411,0.09770544837147138,-0.042540398862724906,-0.04549629662208649,0.11199563630611081,0.006113060938931115,-0.040324679886868456,0.02743178922234782,0.023167206553549823,-0.02952762706601164,-0.04900727439193064,-0.06827081992739704,0.17830766400910597,0.043465873990009105
scrum_006,spk_4,other,10,5.0,0,0,0,0,0,0,0.2,0.2,0.4878048780249851,0.0,0.1219512195107079,0.05377574646572516,-0.002312785842607429,-0.14703935737652377,0.1595645417544565,0.04562114379988449,-0.013711158849191541,0.03827080891275851,-0.05227133542557008,-0.026365891299527253,0.07086309041584071,-0.06454207603589922,-0.04188234245074791,-0.17048637532701422,0.0846825702210685,0.09334557394495019,0.08540484632771672,0.11492867102143806,-0.033458015225630924,-0.11482206129859043,-0.10509447674426368,0.08766212420307255,-0.07008956309641966,-0.08012519584049331,-0.11891828819529848,0.07118206449638614,0.1213304695580786,-0.043641489794647804,-0.044401902510447164,-0.06202988988897516,-0.014840044313426472,0.16604324750328325,-0.05460847580989882
scrum_007,spk_1,manager,26,5.2,1,0,0,0,0,0,0.0,0.8,1.223529411707128,0.0,0.3058823529375778,0.13203562639741165,0.15600904052262632,0.03863362134095597,0.0367134525329098,0.0029126556295373356,-0.026990696477727925,0.027472972762942787,-0.010466995010420588,0.1795627796706277,-0.017266861813592046,-0.07463604201615323,-0.08338192417220489,-0.008232257132881506,-0.04327819612379973,0.0006741449868074332,0.0013569359997723498,0.049985452662955954,-0.029381606297331577,0.10923026418219202,0.01994086611385504,0.05687097224960606,-8.102919302786511e-05,-0.001179277951363142,-0.05592432449396771,0.012137543471614196,-0.07050987878830874,0.0411029579066001,-0.0063931552537582126,-0.011013641437174274,-0.042310980074674105,-0.05855158816147295,-0.0018169541430349398
scrum_007,spk_2,other,16,5.333333333333333,0,0,0,0,0,0,0.0,0.0,0.7529411764351557,0.0,0.18823529411543252,0.31216916640890113,-0.11115587284901071,0.06607264034412588,-0.16854480607737782,0.08698887108247391,0.06870023777300192,-0.030014958298004064,-0.07727607324382176,0.20920285184049353,0.3031917631285465,0.016265409605536907,0.19432287429434683,0.0887927297086015,-0.18871160351563726,-0.058814385359719966,0.13654124076296303,0.058431267699243894,0.13233924232141944,-0.05486973586381294,-0.004079639525324622,-0.006251606756482813,-0.16583281969836416,-0.08359198012324268,0.09861866804627435,-0.05764696745491296,0.08372391426782043,-0.09000801405932,-0.07887931233176664,-0.08230915066454997,-0.06170819472166265,-0.07055096620037815,0.11759852437700016
scrum_007,spk_3,junior,29,14.5,0,0,0,0,1,0,0.35,0.0,1.3647058822887197,0.0,0.34117647058422146,0.09343116798481665,0.02592923760866597,-0.15612677908503006,-0.12354196348358869,-0.042244120755741875,-0.09056544261731046,0.09207068484793204,-0.09190107520642582,-0.18157116879841834,-0.03271882662526003,-0.029780545634701613,-0.08041913299171448,-0.020921381053563726,-0.04334373929691239,-0.10379514522625014,0.05768080636208491,-0.04680144754621155,0.012509431993196533,0.027374010258998802,0.11736787124306565,-0.018788109664811776,0.057196994077632166,-0.044946480143655834,-0.020879423778100686,0.11735476555658798,-0.07960238767459814,-0.11316202204849254,-0.04384469214588716,0.06541170149762851,-0.10258675408965541,-0.03268267162021023,0.07916868355378257
scrum_007,spk_4,other,14,7.0,0,0,0,0,0,0,0.13636363636363635,0.2,0.6588235293807613,0.0,0.16470588235100345,0.07325984258600644,0.013568056237732364,-0.1374983411863644,0.1315350961446475,0.04889312021297127,-0.08809745470026878,0.04877003251177778,0.08961507223100722,0.022472800763716803,-0.01207821047848678,0.03973729962589959,0.04179164321916109,0.018323719732483455,0.01116989150485601,0.09151165982361731,-0.05337523769202696,-0.07539729641414324,0.06040163362524268,0.033541448968742706,-0.0011957167927540055,0.03339272387383896,-0.039437483403729566,-0.06855533282915909,0.021182010684031003,0.0037882999806518962,0.011695804814754022,-0.018127418269769414,0.03395079730454355,0.04415433203388962,-0.01920351695804677,-0.030305981214639708,-0.10209936513113448
scrum_008,spk_1,manager,24,6.0,1,0,0,0,0,0,0.0,0.8,1.2307692307061144,0.0,0.3076923076883629,0.13071285952628672,0.08713144890818844,-0.0072413138062954385,0.033688362667010224,-0.05348009330802352,-0.05649855992288674,0.007327866661799624,0.022831338186573607,0.025024739900155746,-0.013162886713387962,-0.002292506100740073,0.009964912486589036,-0.024144035659936777,0.016180989370592317,0.03470555025605924,-0.05448214282620904,0.0827814810215009,0.031743253750236684,-0.08190204201402743,-0.04853490783578938,-0.05412496179728952,0.039193976386625536,0.009586334915374056,0.01077034396341132,-0.09966806634840362,-0.07725050390400355,-0.019746918094088985,-0.02243485146739294,0.014322322226072541,-0.058045020469333825,0.07483808564432347,0.036388666303626166
scrum_008,spk_2,other,14,4.666666666666667,0,0,0,0,0,0,-0.05,0.2,0.7179487179119001,0.0,0.17948717948487836,0.13732998112229852,-0.06085566145790902,-0.0973810500115475,0.05844159833441818,-0.15171835729167926,0.40767278759118797,0.015923465901483327,0.11819216835304833,-0.05599562282741879,0.13713002904241917,-0.10696926430834396,-0.24643424765893274,-0.041858327448504457,-0.05264581153409022,-0.015460910459071771,0.1027181013517772,-0.08676275117459667,0.03440079183211851,0.04889328401037775,0.02676772603424586,0.039107349896791245,0.06065199002842053,0.12497930771184046,0.058888610459997215,-0.06921787215180572,-0.05358492348113156,0.032534212661835246,0.11164464476334647,-0.03579719458226415,0.07895669668116656,-0.12909824411092044,-0.05526344759787713
scrum_008,spk_3,junior,25,8.333333333333334,0,0,0,0,1,0,-0.25,0.0,1.2820512819855359,0.0,0.3205128205087114,0.09700294466153601,0.011045783699836722,-0.19099747867073877,0.02291363737690287,-0.09155041933375624,0.034336352654516185,0.09932233993710746,-0.07711001461293532,-0.10943655461031294,-0.09126576549352049,0.004304893016292916,0.05157086689202537,0.06470615457849455,-0.028339582340472715,0.05416476773891199,0.0889513913618779,0.3359693854233179,-0.08046114433065507,0.05876319385802906,0.004884451162103259,0.07487829340294647,-0.01724145271863141,0.050227221769960216,-0.09318131782315243,-0.04863963744602743,-0.0012257452379842505,0.12465216266323108,0.06416302447592415,-0.0442248466559887,-0.055454998277416546,-0.025273077001858643,0.07395413358879654
scrum_008,spk_4,other,15,7.5,0,0,0,0,0,0,0.13636363636363635,0.2,0.7692307691913215,0.0,0.19230769230522682,0.12318214671495309,-0.01875978038401896,-0.1607887330243535,0.21676219118046347,0.064436938848,-0.06463456125370484,0.02771870783402444,-0.061680732680993396,0.09151384094977859,-0.01696591014383828,0.10422956793580203,0.07648361461781934,0.03695607712025337,0.09030727780114145,-0.10549005198116268,-0.06262419793700727,-0.008679657837165828,-0.07255463495846416,-0.03414322344326153,0.007536124141289799,0.016259631010157753,0.10183938904794873,0.002602124407466378,0.15257428255059932,0.010350538989620493,-0.13375526272497756,-0.051560432426043516,-0.0854732085755706,0.01069768650733879,0.15553564577948584,-0.05567564424760234,-0.07614864976216362
scrum_009,spk_1,manager,33,6.6,0,0,0,0,0,0,0.18666666666666668,0.8,1.6923076922209073,0.0,0.42307692307149897,0.1770254353955629,0.2065911640879872,0.058337613041059486,-0.003177183924260639,0.03806045589154178,0.009634232760200022,0.018498052537321685,-0.0521602179785049,0.15286763234484324,-0.054993687180466336,-0.11734483706625046,0.02265779566309126,0.0867484975668202,-0.01773258007128664,-0.025870619778060672,0.058334335676663664,-0.042438215478008336,-0.013260334079690383,0.018460295065585032,-0.03591533669212396,-0.06824116763658511,-0.0654455588482294,0.07583564680650322,-0.11405860309388724,0.06567361128397026,0.02814023695654484,-0.03672842638138627,0.005829896332907738,0.09647913989996394,-0.13014431715774552,-0.03586228584119249,-0.08661001618704753
scrum_009,spk_2,other,14,7.0,0,0,0,0,0,0,0.0,0.2,0.7179487179119001,0.0,0.17948717948487836,0.19221846821449368,-0.05495215188859674,-0.17841862775568987,0.3565490495613617,0.15128613983129358,0.10707302175253489,-0.08020803643305721,0.0525873157795786,-0.0836648911394833,0.07612460557269812,-0.20376501677720912,-0.02605658454551284,-0.05876867610299746,-0.04419399035835522,-0.06748221265376397,-0.02660973853569532,-0.05072788183717355,0.16449772306575694,0.06540410383907946,-0.060118200366776196,-0.05905983075963663,-0.12340125098009644,-0.07251501177799997,-0.10724766650601482,-0.018634956042753233,0.021367077204452474,-0.05614374607349409,0.03428207100722103,0.028619841722812924,0.017799381874738496,0.07659423714001544,0.02038688278955492
scrum_009,spk_3,junior,21,10.5,0,0,0,0,1,0,-0.5,0.0,1.0769230768678502,0.0,0.26923076922731753,0.11880202369714002,0.007503098566535275,-0.10052432505082987,-0.11562714761850992,-0.048503451326061674,-0.18189647969405634,-0.018678184072819803,0.03931858193462832,-0.15576867267577613,-0.031277024569202644,-0.15896087327454508,-0.006760928047614522,0.10739233025060373,0.16112011922641686,-0.043945481998289765,0.022282677618134333,-0.17832978541694974,0.00042560658170773583,0.05023627686026325,0.037387432367290745,0.039695093927506024,-0.05005620953490838,-0.036638535680308705,0.05958918726012198,-0.057726487787042494,0.22018750333957682,0.12383973380464405,-0.1054358007728281,0.0766430773476762,0.03852517154027989,-0.042114018757925184,-0.09274890362821063
scrum_009,spk_4,other,10,3.3333333333333335,0,0,0,0,0,0,0.0,0.0,0.5128205127942144,0.0,0.12820512820348454,0.07444768709808967,-0.004018908032199868,-0.07762363179330624,0.02767273334971631,0.019944125783869,-0.06297934017674274,0.021044957501629668,-0.0265363018611826,-0.02563590139792144,0.15351842495246143,-0.08930228077902919,0.0737092784582647,0.17339197231419615,-0.11656468451246801,0.1185784704053918,0.18925172729193435,0.3617345270714334,0.14984330155242742,0.11465847287083837,-0.06101352742084663,0.01396622646693364,0.02558590991061419,0.02369122319667051,-0.1056024915196176,-0.08876860078061455,-0.002401119957212947,0.006715425946521453,0.005644572804315128,0.12229580645134014,0.06824217298057565,0.03465951623860033,0.015926898307140856
scrum_010,spk_1,manager,30,6.0,0,0,0,0,0,0,0.5,0.7,1.6216216215339665,0.0,0.4054054053999269,0.13220940200445602,0.1699177566535239,-0.06475327234925486,0.15104215985796135,0.18826169355207698,0.038051451762198076,-0.05502358908003712,-0.023874328400748407,0.046845797267388856,-0.0031977209509702577,-0.08940474597621734,0.0635489827777269,-0.05854160818853881,-0.017553742944150335,0.0070180506506002825,-0.058120799758694865,-0.08287715150559964,0.02503858468381901,0.039022093737561714,-0.019670047196129352,0.08996276197131389,0.0008042575631996647,-0.05490286836744837,-0.014510294456806839,-0.02131167853053462,-0.06876542070164818,0.02002622082358092,0.07892070386035797,0.03371511563068703,-0.02780073248528643,-0.0005827316950444426,0.023006280273391955
scrum_010,spk_2,other,11,5.5,0,0,0,0,0,0,0.0,0.2,0.5945945945624543,0.0,0.14864864864663987,0.1282436628897298,0.0686216249048325,-0.20432760296603272,0.16337887866442835,0.0314161574010396,-0.019853548305343194,0.026609509881254795,0.016651590322823182,-0.07465533446632783,0.06532576953566101,0.09126012711697178,0.08794757469716306,-0.24449129649881163,-0.020593215134672084,0.31121512354607456,-0.024796228899878422,-0.11877307394266698,0.099147468459054,0.1251755746561059,0.06220610970542799,0.00896069300134349,0.06850114788082923,0.11493816079181121,0.16830434469277344,0.19021409225438582,0.17934469329763938,-0.07051016573706487,0.1007052054233575,0.011650034853503667,-0.1624780242143511,-0.08483668916489656,-0.050010619652160915
scrum_010,spk_3,junior,20,6.666666666666667,1,0,0,0,1,0,-0.25,0.0,1.0810810810226443,0.0,0.27027027026661793,0.11466470485398039,0.041612038035417125,-0.08483728547798192,0.05901449276622478,-0.054602366714824525,-0.023655717913810007,0.17210719766299756,-0.15538737808442146,0.025547972210513015,-0.10500925673102544,-0.049111304277754134,0.058426993259499085,0.08905375189482506,0.006278333533005049,-0.1126706912212732,0.023711887199797166,0.011057587728880594,-0.17639753038004377,-0.07278693294587679,0.09710431389224115,0.01294826715276284,0.03915120608387658,0.09890194911689326,0.10885907134608207,-0.005417743886870232,-0.014839180545289052,0.01812654463447757,0.05465311702134271,0.029987014181101793,-0.02339635327564415,0.06736580465202567,0.06428424334160503
scrum_010,spk_4,other,13,4.333333333333333,0,0,0,0,0,0,0.16818181818181818,0.2,0.7027027026647188,0.0,0.17567567567330167,0.09592744201433522,0.013373718198330945,-0.14743495163472087,0.16601568322399912,0.04448117787436484,-0.12097795618842772,-0.005765070463700989,0.07253193033081295,0.035418187280865036,0.03126519140427884,0.18539853223404792,-0.1063139077797132,0.06909838915521326,-0.06488868221004758,-0.10370744278383497,-0.11398892470199844,-0.05249845550141585,0.07289143004852545,0.013602383151929088,-0.04841286892832227,0.13524962177291375,-0.03638899874950489,-0.06975591363972349,-0.15935905385077012,0.04151213118608779,0.15176964532191486,-0.10409041799352105,0.07039260999757892,-0.026172926147944548,0.12372965306230499,0.14517634904268553,0.011964537113077486
scrum_011,spk_1,manager,29,3.625,0,0,0,0,0,0,0.23755952380952378,0.8,1.5064935064152472,0.0,0.3766233766184854,0.21388057669584068,0.3454610308841117,0.1302137691878938,0.08829833250922815,0.061171804324902934,0.062400471800976264,-0.06868641614801936,0.020819177995691423,0.05281980079588027,-0.043740210976961534,0.03582076463619155,0.14094842169461352,0.0066866920398805756,-0.03170490127491311,-0.004106358941445159,0.030020532330958014,-0.10686620636129625,-0.08225918752718714,0.1409456066674667,-0.016891115407808344,0.08899618759432475,0.002589166296123211,0.03914257366275599,-0.16476374907676924,0.00876258734990196,-0.10872783125219723,0.005118549207908331,-0.10868740547567869,0.03246380103672995,0.047324476987960974,0.051048131520076014,0.09302666047603031
scrum_011,spk_2,other,12,4.0,0,0,0,0,0,0,0.0,0.0,0.6233766233442402,0.0,0.15584415584213188,0.3874849677738648,-0.17428207753964764,0.08542190279236857,-0.0183542079503709,-0.04973544959410804,0.06760661940217749,0.016834317868126003,-0.16975033824630686,0.13383593364172613,0.09314260252795689,0.1405237691318602,0.12057625777490368,-0.012015542966979442,0.18781098842851734,-0.20579215755761188,-0.1529833839458529,0.012862932202882971,-0.06888792241247245,0.10137263912710329,0.019543928413651882,0.026303249574502422,-0.006860910551419564,0.0038918385890985576,0.022674989835773696,-0.022045590215914464,0.09781340639739423,-0.1155127807866386,0.08637517859281015,0.04280011965604959,0.029008778551656473,0.0976713656500311,0.10008179472206756
scrum_011,spk_3,junior,20,6.666666666666667,1,0,0,0,1,0,0.13636363636363635,0.0,1.038961038907067,0.0,0.25974025973688647,0.2216045411927676,-0.02900044919242621,-0.16389920123429602,0.008200823408015652,0.004140667447950624,-0.22089748986286856,0.1393183429889511,0.17711980276422323,0.007274667626331028,0.00547892921781078,-0.07529510643753216,-0.05054552222162634,0.17551424560549114,0.22820471011264346,0.04606687915049258,0.08253560080494042,-0.16159215884903141,0.1202228941932899,-0.031215159290532254,-0.06396785030437266,0.012717744935037684,0.001129511639095947,-0.023998707271455887,0.0263351865516926,0.019099108921587966,-0.0807298692437896,-0.050057557849465945,-0.03164354494439614,-0.010499949626634666,-0.11618741625661319,0.00885577463237547,0.055445186181321826
scrum_011,spk_4,other,16,5.333333333333333,0,0,0,0,0,0,0.16666666666666666,0.2,0.8311688311256535,0.0,0.2077922077895092,0.31547930638446686,-0.033071730703554916,-0.017403795811392536,0.00365562733319973,0.3077543264565984,0.0197911767133845,-0.21652708325302625,0.043773830112257175,-0.18259984606860186,-0.11316757064701687,0.06068110284337535,-0.06519559746345192,0.0725604167536306,-0.07467231694690533,-0.11750987494420045,-0.00345667817019985,-0.06653267120975428,-0.16127743792800692,-0.08523564239358708,-0.006638098740042596,0.0005103892590167968,-0.0022050007955639285,0.16281859412659355,0.03174692962777698,-0.09336101897191439,-0.07716706530334685,-0.06376508483830116,0.12969214133342732,-0.008417332294595362,-0.007899370855028303,0.02003844252928868,0.1519308718797771
scrum_012,spk_1,manager,29,4.142857142857143,1,0,0,0,0,0,0.31666666666666665,0.8,1.5675675674828342,0.0,0.391891891886596,0.1619527152128026,0.27651974843307536,0.20822914580057267,0.09024250160172224,-0.12002376407944212,-0.03080671805976343,-0.05158632476820324,0.09924373560058694,-0.17183151423321694,0.03215330975649111,0.10245839537823943,0.10927676742434322,0.012647675898325196,-0.004116543248584018,-0.01653192461287838,0.22311992714872741,-0.029727161591162118,-0.0932020963878336,0.04805352471701656,-0.02557579946602738,-0.09549073205282614,-0.044760155630576025,0.003757311170338288,-0.0038154389232837684,0.1387032595807501,2.4931315711583957e-05,-0.057017675754745124,-0.012865328192769712,0.0034418290626178315,0.051957525379726095,0.03926685954244183,-0.08540382962457713
scrum_012,spk_3,junior,23,7.666666666666667,0,0,0,0,0,0,0.0,0.0,1.243243243176041,0.0,0.31081081080661066,0.2899175405600638,-0.015798292160854127,-0.08135362554304389,-0.22832312001320862,0.004734976900329443,-0.10773579088026315,-0.07723537924520693,-0.029837916709165108,-0.15818011989558642,0.019859267263297595,-0.05684260863312249,-0.024830252641554234,-0.08761653819584407,0.010422544954335072,-0.01032271192598766,0.06740756649926417,0.1369217529470939,0.10135385959696726,0.04044043729134406,-0.031411121616645436,-0.12257550392290366,0.1297440758734741,0.06281318102604662,-0.13642219858386556,-0.16131935814431717,-0.046455234819412314,0.06320961285857458,0.06790904878067514,0.1341130117703045,-0.07594512721172797,-0.03318254777846939,-0.057734741348994
scrum_012,spk_2,other,10,5.0,0,0,1,1,0,0,-0.5,0.0,0.5405405405113222,3.9999999839999996,0.13513513513330896,0.05143613843395416,0.06430278206147172,-0.03555092861172643,-0.09980772002009651,0.09235104162738243,0.06804351319752086,-0.14184980801620337,-0.08273979419335611,0.13233984978606583,-0.20881194191005958,0.15050947933851708,-0.1035443772449535,-0.012512026264002229,0.23766196147888397,-0.011605418719575267,0.1727040684955582,0.14607191190383786,0.2662934669062176,0.04309377533365815,0.1475607498092251,-0.14592109066618106,-0.0346905854213232,-0.1429454496897877,0.05753812653870926,0.0757959485728877,0.02526187122925766,0.10555512670989455,-0.0427303906489502,-0.14525393617221427,0.08753260676167539,0.055043051306279574,-0.0887933026531239
scrum_012,spk_4,other,12,4.0,0,0,0,0,0,0,0.0,0.2,0.6486486486135865,0.0,0.16216216215997079,0.2209322896907643,-0.16853770209796903,0.12557503988841429,0.13194560097998248,-0.09357004603989902,0.08601197189583323,-0.007227111268053785,0.01439720602054329,0.050118463542818945,-0.023462003084041887,-0.07203349976835413,-0.09151140352296507,-0.03878049711008151,-0.09759334180794575,-0.012483185700769053,-0.0429617108912129,-0.10535539122447082,0.12782735553929983,0.1023001531333955,-0.01859002096063583,-0.09245906560330373,-0.19197553854477867,0.03785277581712768,-0.10635136568247285,0.011024282072053871,-0.055139808494845274,-0.03321807557398836,0.05149147101379303,-0.1060094914821711,-0.01899357487063657,-0.07605075162546007,-0.08674285263272348
scrum_013,spk_1,manager,21,3.0,1,0,0,0,0,0,0.18452380952380953,0.8,1.1999999999314286,0.0,0.29999999999571425,0.15925959557227462,0.27350202829306014,0.05585102763075465,-0.01812607869969602,-0.07698387655426374,-0.01102391218183764,0.08892098744724977,-0.05549999744386524,-0.0906200404725698,-0.02183623302825815,-0.04237109858876084,0.028348453050400128,-0.07885718268229576,-0.03585459840925369,-0.06333424617552452,-0.014119391981678884,0.03722149365035365,0.009923567210910762,-0.05829778119965045,-0.02470455965157726,0.11136786235730697,-0.038670169089635706,-0.04237587149786624,0.05098020189413874,-0.05983333967037426,0.053264932719262977,0.07307347504335197,0.11068139307219786,-0.0469307602410526,0.07533678324028001,-0.019708745906442986,0.0684250743990296
scrum_013,spk_2,other,13,4.333333333333333,0,0,0,0,0,0,0.0,0.2,0.7428571428146938,0.0,0.18571428571163265,0.3463311234663007,-0.16320668921786313,0.18417787612826914,-0.019460501596584953,0.025347669489616562,0.02869095021643177,-0.06491079293474364,-0.030318435316216395,0.09258953606216534,-0.0017540722827303471,-0.05454190317906992,0.055480321008799564,-0.027107066645294636,-0.17942809228279363,0.046329562186337575,0.019741598250377967,0.020209368126318645,0.04840361438663812,-0.18188940589485164,0.21074850763051156,0.148739040070892,0.22382082822533972,-0.18044840312819246,-0.09296469307960516,0.07044304450677841,0.0727390794115148,0.10284360830931136,-0.03897120009332415,0.05073569684523176,-0.014044604947853038,0.10571755749942338,-0.00982257295133399
scrum_013,spk_3,junior,21,7.0,0,0,0,0,0,0,0.0,0.0,1.1999999999314286,0.0,0.29999999999571425,0.2988518482890758,-0.07101986810667166,0.0063914819467296696,-0.1443366826942688,0.044647424888109674,0.011297515570811016,0.03420505631894931,0.0387125251858978,-0.01384006804257765,-0.006748778904606939,0.009118155940906729,0.05336787681708534,-0.240892637443086,0.02547848864467824,0.006266022671868565,-0.0011347736144826025,0.02894155471703775,-0.03028424112652204,-0.026968290429436947,-0.04948134192846511,0.05416993858583143,0.017950518286201138,0.08542946653959725,0.014014282356569225,-0.043689162386632,0.043086494755826446,-0.03314638083210805,0.04008870055036353,0.06604178168824182,0.0009724302372019301,0.04091151779593316,0.06147473149566691
scrum_013,spk_4,other,15,5.0,0,0,0,0,0,0,0.16666666666666666,0.2,0.8571428570938775,0.0,0.21428571428265306,0.22362651649927098,-0.002127385623101218,-0.028126514965897284,-0.016421323691794245,0.027328350001992616,-0.08997857135844682,-0.17977797852436145,-0.04246956956234796,-0.08764624958159446,-0.146033036620751,0.16534583790290405,-0.22188464251239323,0.11029822494713203,-0.08093200532163441,-0.11024085279668493,0.01526839405492212,-0.07766947825642909,0.03491666283823303,-0.1079865712609899,-0.21278257916663793,0.03593376523094891,0.006258831152540011,0.1032278965506762,-0.06916931495816894,0.05290009945513007,0.12444928134134617,-0.11427728477649518,0.07313079422413687,0.03986008647129297,0.06726953125255213,-0.13074094305583617,0.06597897071582232
scrum_014,spk_1,manager,15,3.0,2,0,0,0,1,0,0.7,0.8,1.2244897958184089,0.0,0.30612244897334445,0.265496728962516,0.35628445720372326,0.311628190928222,0.1469451041441535,-0.2317257607074587,-0.02059226064136298,-0.014727319387398755,0.027660874194148657,-0.24561662259844222,0.10543188602757965,0.08295506324953625,0.04719681473362642,0.010965170924758901,0.06607515148569709,0.06354093172404596,-0.09530203621169872,-0.02180963299399792,0.09318657368642702,-0.10357390398120558,0.06750657243101947,-0.05373045585538162,-0.061210665565257956,-0.03475341216061004,-0.016558298863706897,0.02258888272207663,-0.0797600892000798,-0.018247131722067773,-0.10401203944674761,-0.08271178614945714,0.02111716227613226,0.05059400053395983,-0.04171052342959023
scrum_014,spk_3,junior,13,6.5,0,0,0,0,1,0,0.16666666666666666,0.0,1.0612244897092877,0.0,0.2653061224435652,0.047090381514633455,0.019549623500607904,-0.08505710541068169,-0.08131136043945673,-0.08404836010979928,-0.09287822722268374,-0.06384215331317393,0.0035300621495570543,-0.06858218934538271,-0.04047943805290216,-0.0877081685210279,-0.022909185154575486,0.02977903790336941,-0.05432068143195228,0.04772800937019886,0.0010895822940389355,0.03483676103642445,-0.035194005819216,0.019273544880273785,0.12451220272756817,-0.044052039224669444,0.028870651136563976,-0.18028701931005844,-0.036342698319695166,-0.0663678027831002,-0.0700850384789738,-0.05381101147390483,0.07119056523558157,0.018217086645633082,0.026621255829120977,-0.059373721987568406,-0.011753553873408328
scrum_014,spk_2,other,9,4.5,0,0,1,1,0,0,0.14285714285714285,0.2,0.7346938774910454,3.9999999839999996,0.18367346938400667,0.12084023041710307,0.17306054760514453,-0.006660287888646056,-0.13764657915065787,0.2234603815901857,0.16145047959665165,-0.056078573268249186,-0.08673644531049296,0.17363251857835985,-0.2228226790395364,0.02045158493060793,0.015103766229484233,0.023933929146805998,0.06663376690419424,0.09164010296108327,0.05760382193991753,-0.029168942663332625,0.05419247999983627,0.09081382519746257,0.11778357123548985,0.10353826051125395,-0.11558982536470193,0.011230546346555102,-0.06905159962774395,0.060217433603979874,0.04263711193878815,-0.0057711960262418075,0.05303933794417903,-0.0010796675068497756,-0.0313017333395413,0.0762332932866795,0.023165069104414397
scrum_014,spk_4,other,12,4.0,0,0,0,0,0,0,0.0,0.2,0.9795918366547272,0.0,0.24489795917867557,0.3104133516383822,-0.16533807784404905,0.09779453293504053,0.06581318359991419,-0.15628646619211384,0.20136049510217832,-0.015197140788028082,0.005269732670015609,-0.026313045458134933,-0.04080935819614002,-0.08116602294629635,-0.10077637584122448,0.028139057348592945,-0.015442410999611503,0.041370021488897714,-0.014313365409323106,-0.1004835273838803,0.10029482126631646,0.12619505020640842,-0.010722883440173145,-0.05760346721390033,0.07999147684115794,-0.044596847589036676,-0.0682320004477764,-0.001988800450481333,-0.001517265530228145,-0.11192935075782387,-0.015645161428022625,0.006174763244611315,0.08176412478256151,-0.03939859982203216,-0.012049967415705857
scrum_015,spk_1,manager,20,3.3333333333333335,2,0,0,0,0,0,0.4,0.8,1.2121212120477503,0.0,0.30303030302571166,0.2058389925031434,0.22442922353709902,0.12059158369470946,0.01154204908141065,0.048139964592366545,-0.009955948747563968,0.007202643283301805,0.13361884471337784,0.09267163592735542,0.07148211144862916,0.028527273636456962,0.011699213155194186,-0.08132827475383886,-0.10235154427213627,-0.08560654316966829,0.0477848060105927,-0.003177096500884712,-0.12356423494945733,0.21793071882405057,-0.12609163463137052,0.0778406923773963,0.10221894744796287,-0.02002429673967214,0.027784567308886707,-0.0073958632906024075,0.07601855494977562,0.11137414956538462,0.08992696445550206,0.024092916878827426,-0.014174314502565396,0.018523706853715908,-0.055731219473048224
scrum_015,spk_3,junior,21,7.0,0,0,0,0,0,0,-0.25,0.0,1.2727272726501377,0.0,0.31818181817699726,0.30291497326397954,-0.12309661338037427,-0.031010187704224996,-0.16724215551462412,-0.0014063558605555257,-0.05256961694146545,0.06088928412307316,0.14473340017638378,0.07561817859048059,-0.007258675769148732,-0.06810290030098046,0.2292996270205751,-0.11240073150008557,0.15041410655593326,-0.11688869592951166,0.03231174686166406,-0.016542653937831147,0.07242370948589785,-0.08994628295090763,0.04744808964897946,0.07815797334978528,-0.12046884530720509,0.16997165434744618,0.054648364529177595,0.00016456399359273435,0.0003729352233876921,-0.004633613838197103,0.056515555599282154,-0.037791416971893435,0.05669780924941572,-0.06317443388650473,0.08091271307705303
scrum_015,spk_2,other,13,6.5,0,0,0,0,0,0,0.0,0.2,0.7878787878310376,0.0,0.19696969696671257,0.06159670759293156,0.10155595062910511,-0.03023996119595569,-0.04385404291740252,0.08413386585825393,0.02458825469290979,-0.03994006591821017,-0.0323618422469404,0.14067636870327768,-0.13580100123115854,-0.0048826819821082045,-0.1434255404505733,0.06868456661555383,0.07445694761100491,-0.01497609295087322,0.07181944953750607,0.08542219697401657,0.05983619131134111,-0.09946517514129927,0.024490166189447892,-0.125474710546313,-0.03265725072481835,-0.002375690271519902,0.04478673467315357,0.11942601219305807,0.08917319346458628,0.05669133237324884,0.06016705397244957,-0.11085267826760672,0.0317533055482555,0.02682114951308451,-0.13750902112648467
scrum_015,spk_4,other,12,4.0,0,0,0,0,0,0,0.0,0.2,0.7272727272286501,0.0,0.181818181815427,0.2273308998387376,-0.11722222623791309,0.09126467873152007,0.09579549741173747,-0.041270275689529644,0.003513419516416223,0.0022656827031619507,0.00841320975905298,0.01799032554760302,0.014982327880504184,-0.032239535758882595,-0.008817925513287042,-0.004589740265261441,-0.025788878228866555,0.0758533842909568,-0.02999757330141317,0.03858094780745578,-0.05691702931232087,-0.03388272898616311,0.12918986388572606,-0.22839475296541997,0.07130283668196195,0.012688839864299329,-0.10601856730186764,0.03343172102223347,0.10052513579958097,0.0033150121700882946,-0.07773853836375876,-0.15420493125762702,-0.004782490415753774,-0.132918433792948,0.01902336477365645
scrum_016,spk_1,manager,12,2.4,2,0,0,0,0,0,1.0,0.8,0.9999999999166667,0.0,0.2499999999947917,0.2190599309342148,0.27714401955976453,0.25636574557054337,0.07359594041896775,-0.07360954533276044,0.0659656731271118,-0.021341851128291824,-0.04582153879784478,-0.11369172002529329,0.1085036199087789,-0.020016786234956712,-0.03677574729771651,-0.05261509940274731,0.0740209686964743,0.046097288798610005,-0.19926453002384883,0.058417394212955345,0.12095218449809121,-0.060593317637917615,0.11236180615886367,0.06058166210601118,-0.09831689463292219,-0.06090863772614007,0.027321105598564117,-0.0315118100043318,-0.12473210433741658,-0.01820374789492885,-0.0944688875607279,-0.06655050598628441,-0.049431637031661625,0.04389351824501447,0.03447873626109146
scrum_016,spk_4,other,11,5.5,0,0,0,0,0,0,0.0,0.2,0.9166666665902777,0.0,0.22916666666189237,0.08511312431216106,0.05601790443630268,-0.16883099802980078,0.2996335557839051,0.2260789329126279,-0.018733265724412595,-0.1141714311179682,-0.06550235461043222,-0.0746857680762191,-0.002839821007296304,-0.11556601138720853,0.08729110615326043,-0.008139711041608133,0.015428712230445927,-0.08130135212551338,-0.048045526313992046,-0.004038918496799034,0.06548334252144114,0.046548197001667034,0.007390401648143864,0.08624462567526961,-0.008991286573889033,-0.0518625478926329,0.10964894385286218,-0.03228765467688008,-0.18898615648787248,0.052418113585215864,-0.1400980540653515,-0.012223926516633208,-0.03907244995126006,-0.11099682386166279,-0.039470517106564636
scrum_016,spk_3,junior,15,5.0,0,0,0,0,1,0,-0.4,0.0,1.2499999998958333,0.0,0.3124999999934896,0.18844797957448617,-0.07968117822862146,-0.03826730141121276,0.0345459356067897,0.010011455036631783,-0.06871356451539382,0.1165675325111526,0.0282688726730733,0.03815165847147293,-0.024611440363356444,-0.012303131799616146,0.07910226139280271,0.04247408456770983,-0.006500277389014482,-0.009117509229674074,0.0309272353612894,0.19937995453076826,0.11818390453423798,0.07851118787236991,-0.05574614672542219,-0.00499032891346245,0.09151698870224836,0.054669569937453526,-0.025767822114847825,0.030771242116289628,-0.09032114020655964,-0.09621218197513853,0.06962581559906117,-0.00845935913439509,0.07790637681178679,-0.06844224910563385,-0.10464342145899243
scrum_016,spk_2,other,10,10.0,0,0,1,1,0,0,0.0,0.2,0.8333333332638889,3.9999999839999996,0.20833333332899306,0.07654752260312643,0.14468242759131744,-0.02613066136507284,0.014154841514584003,0.113602351838308,0.08964091636448179,0.016783861245961436,-0.14117923196513502,0.1855341175930414,-0.1703873225388984,-0.05078137708219291,0.046305221545071926,0.009152676563719594,0.12835418339939858,0.10727731717268707,-0.013154590686632123,0.008371621802810234,0.13449722052118102,0.061426208921718295,0.02361143018653178,0.013690660777069345,0.06794535671910189,0.08568084404241047,-0.025100051272092815,0.05844535160952311,-0.15313417648687003,-0.0629481151000266,-0.12882754589060308,0.08981076780141851,0.18992556855900225,-0.08641453578343258,0.05239563132177473
scrum_017,spk_1,manager,16,3.2,0,0,0,0,0,0,0.0,0.8,1.1034482757859692,0.0,0.27586206896076104,0.19050819115841028,0.30053242985389655,0.24504455900843297,0.10333760592705608,-0.13486242830467104,-0.010070687617520209,-0.00015655985519575966,0.043307725284352644,-0.21989172761460277,0.10560520975629949,0.08094323321676601,0.04683619205934469,-0.023006193846588825,0.055543176450830845,0.005504958882391533,-0.02338521238267952,0.051843210878649466,0.09221106005253736,-0.07091627858526561,-0.016306262081741896,0.008833546863049394,-0.009686193603256897,0.000515237921351751,0.09680770042358335,-0.031869680971690226,-0.027162717835224375,-0.01876216164929335,-0.024309539678499918,-0.012767303006089034,0.02880020186786829,0.05848317861372757,0.04627743383534214
scrum_017,spk_2,other,11,3.6666666666666665,0,0,0,0,0,0,-0.30000000000000004,0.2,0.7586206896028538,0.0,0.1896551724105232,0.19737645812624213,-0.12002593605516232,0.11509011103389032,0.032694022840717346,-0.07309110789371984,0.001928382252755576,-0.03378319444751686,0.0032285173367594877,0.03684575613808004,-0.05334460720164924,0.008488212877643626,-0.009098598976171832,0.022557486096256338,-0.07289712944411611,0.06100960118850093,-0.0543462374094987,0.029541480951740803,-0.0668097314982476,0.11147629093430919,-0.05324802535532355,-0.09463800835258997,-0.0784803367435161,-0.08500390103252374,-0.04254492892525116,0.02215517202747,0.016175906591011785,-0.06841760593122428,0.02219180649937929,-0.0939765351761035,-0.013835593916223021,0.039842058689428896,-0.12127344425929548
scrum_017,spk_4,other,12,4.0,0,0,0,0,0,0,0.16666666666666666,0.2,0.8275862068394768,0.0,0.20689655172057075,0.22271675141154426,-0.05114328016960643,-0.015646371278339392,0.12568041441666508,0.20486766715984758,-0.02210380104448885,-0.27081235186121083,0.02625865403759155,-0.15592725382361497,-0.1859331700272275,0.09735505770908956,-0.07227532685186216,0.11554030035946504,-0.0859106667486551,-0.14547588579542856,0.04478807025580719,-0.04059546901903301,-0.06562521208376176,-0.08957018294007084,-0.13057914053575959,0.015347105464481911,0.013133221587113513,0.13736448816288663,-0.0192359995797885,-0.0630080661036078,-0.06082331854673158,-0.11393264423288783,0.06691574524248858,-0.018830506500398952,0.04336729273118076,0.011602946983054079,0.15426546948552067
scrum_017,spk_3,junior,19,6.333333333333333,0,0,0,0,1,0,0.0,0.2,1.3103448274958382,0.0,0.32758620689090373,0.29575001003946305,-0.09930616388141074,-0.014621255784630399,-0.19478754446938618,0.12076720132910852,-0.11255360759404556,0.1320128141776686,0.23512272091485473,-0.13249441488754007,-0.05845989501974416,-0.16841411029849085,0.009848650892295559,0.018056534880517998,0.16629292655860034,-0.07103524061925913,0.04358779359769795,-0.03680991143698119,0.017898589976207246,-0.014369172522639351,0.11933192249398064,0.09978379262114362,-0.047318965324699376,0.009021677797938749,-0.014361963512028484,-0.0013006343880752303,-0.049577053448948805,0.017213428488700614,-0.017393444223467443,-0.03126352232851409,0.0032457818704133947,-0.05823465294137461,0.023997174700912675
scrum_018,spk_1,manager,16,3.2,0,0,0,0,0,0,0.5458333333333334,0.8,1.1636363635517355,0.0,0.2909090909038017,0.19778252859451034,0.1895049751932639,0.10963297674489243,-0.0009071017248935072,0.0942278379701467,0.05312611274387379,-0.03037212119543434,0.02864145202648433,0.0156425443285634,0.03067255136689303,-0.08579797098587083,-0.009201810286661474,0.047264907344555164,0.019476422052010566,-0.04005811756972136,0.06109055535215697,-0.025937101488565456,-0.13486291144920054,0.01410328438217292,-0.050845424587193495,0.045803943592898855,0.012045637973251878,0.02965935293135531,-0.00022965500942844698,0.07043860270823409,0.10481010002069897,-0.027808545570472923,0.14025569016096115,0.10084251007685936,-0.024349672068714242,-0.06810237352895172,-0.12256324567839341
scrum_018,spk_3,junior,16,5.333333333333333,0,0,0,0,0,0,0.13636363636363635,0.0,1.1636363635517355,0.0,0.2909090909038017,0.18180420713170684,-0.07893485444972496,-0.08495904742692202,0.026997118551797507,-0.04725630100685341,0.07325069392032779,0.06391093969599941,0.18761066996522013,0.016861817298264005,-0.02619182570046608,-0.053349338875009845,-0.11046092222475878,0.021910614247331532,0.011275068336126811,-0.03125768050740686,0.06428891192817046,-0.034627028068378106,-0.002208806303883304,0.039783948901963,0.061181778555862584,0.024388944782077603,0.10018594973525473,-0.09295900983440067,0.1078741516510537,0.09079476177415306,-0.06627791091650123,-0.20758629041557344,-0.00031956358166211987,0.0544029509711407,-0.02813355381317739,-0.007693376474922116,0.0579759140995972
scrum_018,spk_4,other,13,6.5,0,0,0,0,0,0,0.0,0.2,0.9454545453857851,0.0,0.23636363635933885,0.09337254317808978,0.09947802730215158,-0.006854107066690767,-0.08737225234041315,0.10193011279253554,0.08214024292793917,0.03417914714884532,-0.01810509922523628,0.0550234490367928,-0.07050098793169031,-0.0648938583136599,-0.030169960072692365,-0.021240231486659315,0.11275213074418255,0.049507221937683386,-0.08705383440805639,0.005362932774019749,0.03355544631133585,0.0047029643463439045,0.06239629731047829,0.06901729528873782,0.0631040209458027,-0.05661201669473594,0.033573515532553215,0.13054755688262,-0.04910396999475976,-0.09453012508798592,-0.07899993314918957,0.004606418101350212,0.18799350310379595,-0.09222175535410906,0.14698633948283837
scrum_018,spk_2,other,10,3.3333333333333335,0,0,0,0,0,0,0.0,0.2,0.7272727272198347,0.0,0.18181818181487605,0.27025971172757174,-0.18280643436184393,0.1282633754750317,0.11732316571694973,-0.10103223255649887,0.014010085509556442,-0.02943266492126496,-0.15712295680122929,0.024752151610969463,-0.061202074823052496,0.1011513970923546,-0.0776227887964855,0.053444872773793874,0.06804694796581208,-0.022622855326048665,-0.07359064290388709,-0.05750783584395193,-0.11371329600671572,0.08818595894472256,0.07322518306403739,-0.02697010561691922,-0.07280151838153476,0.012434268719215208,0.03580439239520943,-0.11974010678033442,0.008472415354756336,-0.032664936786689545,0.051854099020029236,0.05043640223464442,0.008285881000032124,-0.04854728222028271,0.034588700748980176
scrum_019,spk_1,manager,22,3.6666666666666665,1,0,0,0,0,0,0.35,0.8,1.4666666665688888,0.0,0.3666666666605556,0.17612518311377653,0.3376506440697005,0.16416237913728848,0.010188235177861962,0.02291481126172893,0.103464612167921,0.03238054776279272,-0.057420917340536,-0.06260051795671981,0.01739334817161434,-0.046573457981720745,-0.06221347069210662,-0.07307951954895682,0.1220435403986502,0.12425537334192491,-0.22190741021913482,0.10266848242131407,0.19137556992597674,-0.04769717727760387,0.0765142030485902,0.12374412958007633,-0.013771106389687702,-0.0489409046534301,0.09681491179553824,-0.030963223706470283,-0.13779080762181342,-0.07545679170448669,-0.07839484245979966,0.005947552257318474,0.06718265239283751,-0.0001777617020846721,0.10401149876402821
scrum_019,spk_2,other,11,3.6666666666666665,0,0,0,0,0,0,0.0,0.2,0.7333333332844444,0.0,0.1833333333302778,0.26281875725068465,-0.1740753270123606,0.07326361921159762,0.10566434738845745,-0.14111065312278315,0.15583740617257996,-0.04774599244611994,0.013086087440315293,0.13038707820597012,0.07293168322788533,-0.1356685441285361,0.008995425506213562,0.010205848174454534,-0.135577247990788,-0.0903791610147939,0.08368060482787415,-0.06424062688679592,0.1958730952655185,0.0429124584599972,-0.009912615666033178,-0.027140796287802995,-0.036173999353449234,0.054596691639847955,-0.014888013243770095,0.09855994056685083,0.047459897827866894,-0.08642284407849021,-0.07835904129266248,-0.09043739033139549,-0.010270118871561566,0.019353350187265573,0.051282982432193425
scrum_019,spk_3,junior,17,8.5,0,0,0,0,2,0,-0.25,0.0,1.1333333332577777,0.0,0.2833333333286111,0.13021691286734427,0.06708179466340551,-0.18851467172904288,-0.20232447477570878,-0.16985328762886626,-0.13804359395750646,-0.04847456570438583,-0.1631836211135171,-0.17584933593778104,-0.017939545365868212,-0.04399671907948698,0.0010657845574252192,-0.000646933029725593,-0.059076732480512456,-0.06532088110795817,0.07274891488254472,-0.12487237105578522,0.08895605871542091,0.02591843122085273,0.002064214905672637,0.03570269383468739,0.07446562164189803,-0.15239050845543298,-0.05999041418769593,-0.03147494761590865,0.09411644768466193,0.04872520441378051,-0.01446071197900872,0.01961968149650472,0.12292135139541681,-0.13219866446090262,-0.02747408583289393
scrum_019,spk_4,other,10,3.3333333333333335,0,0,0,0,0,0,0.0,0.2,0.6666666666222222,0.0,0.1666666666638889,0.24389137315496862,-0.16577508639981955,0.1350694775667793,0.10024695488744693,-0.09366631976854735,0.015440061452398452,0.00887375489506428,-0.13795977141150706,0.05314252323272901,-0.03413136935571411,0.06545315062501117,-0.03579925863463585,-0.018142217580984873,0.06693471373255325,-0.029292893514874574,-0.06889579035848009,0.006091186962015469,-0.06984217972571581,0.021307473920614908,0.044292149555837546,0.01760689697574678,0.04026607857779286,-0.0069715638422799394,-0.06651869811194307,-0.05002132590469725,0.04095443511622068,-0.03396365371632215,-0.04607333101625046,0.12257447430637103,-0.0354207175135342,0.004528834827359368,-0.02697871657225692
scrum_020,spk_1,manager,21,4.2,1,0,0,0,0,0,0.37777777777777777,0.8,1.3124999999179687,0.0,0.32812499999487305,0.17908116410375136,0.25857351508925785,0.1405100871634386,0.04721977370372274,-0.043439833393308314,-0.01719665945133921,-0.009461201376739933,0.016009209713239717,-0.06746982005932974,-0.023262734901160747,-0.01969336502205493,0.03167381999796395,0.022806325495665695,0.021670860652151482,0.06510079976530923,0.10179820247744407,-0.027300870160056962,0.05273821947341691,0.010178035621116317,-0.0006883975526650783,-0.012989249140708405,-0.004566483755674906,0.07359839411308558,-0.041975718460415375,0.015668516174492976,0.008780429118124515,-0.03582396343752125,-0.03193431401142194,0.05139564572344059,-0.05075516159880779,-0.01822772798792195,-0.03562750186742203
scrum_020,spk_4,other,11,3.6666666666666665,0,0,0,0,0,0,0.0,0.2,0.6874999999570313,0.0,0.17187499999731445,0.24479349132560377,-0.12724045952014748,0.01649151638105339,0.1769716098415387,-0.08465715356045092,0.02416153521500284,0.049315407611668444,0.014959971339522211,0.055493327079586575,-0.04107792182651843,-0.04369883233488205,0.03977908207676331,-0.23697867362454214,0.03791967481908246,0.08823879642970325,0.011499677082770488,-0.12837691262516082,0.07867962911828211,-0.05705560595785907,-0.07999526876440222,-0.1071934322028407,-0.22197033304082783,-0.16630195568499925,-0.05644133911667851,0.028048245732795338,0.02392795200318957,0.10815748945272113,0.17129583210271468,0.12563894132638587,-0.01022470242566369,-0.026702117782239118,0.13723541140946896
scrum_020,spk_2,other,12,4.0,0,0,0,0,0,0,0.0,0.0,0.749999999953125,0.0,0.18749999999707032,0.2707330042385831,-0.16840055364172699,0.18468808699558126,0.09676277518403312,-0.04641279111672125,-0.01260088857003925,-0.1121068339668878,-0.016448853586276613,0.07339383864137136,-0.06423954831044744,-0.036942276783482726,0.022574975932495477,0.04529002947565963,-0.17857019766175328,0.02448519362242405,0.005979814583649648,0.0001349547168981324,0.028633121976712028,-0.19780824789380444,0.26407762924537737,0.17189070674566387,0.21666110537821315,-0.11401536922190257,-0.13862853123056887,0.05597444690038089,0.06952219113593802,0.09673036226784297,-0.013709914852390712,0.013121969298268804,-0.03979871327920647,0.1351340261746426,0.026486630867151355
scrum_020,spk_3,junior,20,6.666666666666667,0,0,0,0,1,0,0.25,0.0,1.249999999921875,0.0,0.3124999999951172,0.2886890128147014,-0.022739885683356185,-0.021881323930450527,-0.1951424836810335,0.12552436144892376,0.04223170654425019,-0.1839030777871318,-0.01549624128470503,-0.07091787491583436,-0.1004685099417404,0.1385200952696069,-0.041899473921213834,-0.02359176013930848,0.04992852130667722,-0.11265845798894338,0.06805660366787043,-0.006841113940458756,0.031324714706141836,0.011650205569066242,-0.04219743930380006,-0.05283409724285926,0.02391828971385997,-0.0373793256058736,0.050676196561430534,-0.012892725735724581,0.05591916239025366,0.012067686178573001,0.10265938208951988,-0.036535398056833625,0.006099499987028508,-0.0028492704856705265,-0.014364590122733476
scrum_021,spk_1,manager,29,4.142857142857143,1,0,0,0,0,0,0.0,0.8,1.3647058822887197,0.0,0.34117647058422146,0.25481838887462427,0.17123125361259908,0.09293940250454298,0.025804825291240226,-0.005866150646505573,-0.009693343229008987,0.037940553395872156,0.08038112494079622,-0.07458701625739843,0.0746610369157939,-0.03777408993970455,0.027593166588995032,0.038766759070219564,0.014425655557548522,0.07996331786607178,-0.14925152971060746,0.036955651427492714,-0.13251927528791801,-0.20905655373064674,0.11974429417673278,-0.17919674388730597,0.028790050481192375,0.09682268424947475,-0.10563360012495066,0.023973196973424857,0.03307630927522589,0.04020109780646255,-0.04727114491124503,-0.13418044083349184,0.02244492264921398,-0.04010717420005357,-0.01809638225186998
scrum_021,spk_2,other,16,5.333333333333333,0,0,0,0,0,0,0.0,0.0,0.7529411764351557,0.0,0.18823529411543252,0.28602731046062885,-0.07640787142415102,0.07097982697102422,-0.09936933057444904,0.08166547768325715,0.11306072169892836,0.07670194702625557,-0.03033873792461231,-0.032718965374072845,0.05304229896299202,0.03161631974974606,-0.11819417307764049,-0.06745705985383507,-0.1272312851277818,-0.057763999272367715,-0.044102458802936166,-0.06930368280064321,-0.03643079220559134,0.0453956618736279,0.18049845355888205,-0.09250395505791675,-0.0960299012342961,0.027819709412349267,0.026779682040240872,-0.040137234404494015,-0.11588231962391975,0.06992364728396712,0.06712060884806505,0.008172327781597892,0.005666892155885181,0.07163602134014224,-0.10736903254663045
scrum_021,spk_3,junior,24,12.0,0,0,0,0,0,0,0.13636363636363635,0.0,1.1294117646527335,0.0,0.2823529411731488,0.08466242652940746,0.040339895686853686,-0.13861973499335678,-0.02197817775835765,-0.07946091638979512,-0.0764543320771738,0.03993329149937469,0.017481735790138633,-0.038847217043167036,-0.08760156918578049,0.04291978420777991,0.021135623168579278,0.06245631612226003,-0.016633353477694037,0.19049808266740917,-0.03725664689454149,-0.11927620257664837,0.05170762187353392,0.014096991116946083,0.01490538184240497,-0.08873536121489096,0.029411645741213133,-0.12938914381658456,-0.042409895793248165,-0.19622299221325062,0.009058675531577777,-0.013341547856184952,0.06908829562951743,0.09335409485870479,0.12231536581872048,-0.07721852292512037,-0.008566247713451804
scrum_021,spk_4,other,16,8.0,0,0,0,0,0,0,0.0,0.2,0.7529411764351557,0.0,0.18823529411543252,0.08271754564121045,0.0477641067027133,-0.16357358834237196,0.1538435925779277,0.025087682339378192,-0.03653909347215887,0.04444231109373159,-0.0347619100472889,0.014052639093166985,0.07331941746894674,-0.03144384802917608,0.030131139731247533,-0.09057758647847682,0.09712892746199182,0.043120068906412096,0.0333387155297396,0.16015748433097282,-0.11019944394260694,-0.10053066163046251,-0.0799362184520477,0.07589841027732804,0.009029476731317647,-0.06436360257299453,-0.02816115514108541,0.14461703504239426,0.01023527868280381,-0.020238736682902523,0.009482819221958424,-0.09070675789416754,-0.05104943275807821,-0.06227968690301356,-0.050850917411446706
scrum_022,spk_1,manager,25,6.25,1,0,0,0,0,0,0.0,0.7,1.3333333332622221,0.0,0.33333333332888887,0.14997444233562174,0.22090283587231685,-0.04252860138436517,-0.048637465483061484,-0.0029007194439867896,-0.0731153177921903,0.028993276134948908,-0.02616745049987188,0.1397962202828454,0.06715822571968683,-0.0586926286649826,-0.08422846875151953,-0.00424058045748243,0.017242022140254158,-0.0765888626096743,-0.014195243844039888,0.04094061049788793,0.03448918137642178,0.07660827236272692,-0.05432322743166221,0.011596381375167103,0.08494749358371559,0.07211409216682117,-0.06694921967749157,-0.016154963312745865,-0.006269845464031698,0.024734973051992095,-0.05591449702524032,0.009113259792210837,0.0028701348938502927,-0.08898240334289577,-0.035469214609541604
scrum_022,spk_2,other,19,6.333333333333333,0,0,0,0,0,0,0.0,0.0,1.0133333332792889,0.0,0.25333333332995556,0.25334044854828136,0.0011244668384145246,-0.07478242134542333,-0.2330337194330845,0.09791145218098508,-0.011177532027486054,0.022178212935301023,-0.05746110685242046,-0.14348146957797508,0.14732892845325016,-0.0002741578268494978,-0.09603378603183363,-0.1157332561513414,-0.04271273205183003,-0.09062177165211358,-0.10651632236281029,-0.02508793743252876,0.020737739673382254,0.0396172380669843,0.13010632873097447,-0.038322657758297796,0.02364739142478099,0.07577632530051488,-0.019738190395130858,0.029906798510257238,-0.07776171905596636,0.08058496317576518,0.06890310219114931,0.059603092310007696,0.06882970945666358,0.03445974658762125,0.0071634578634351105
scrum_022,spk_3,junior,21,21.0,0,0,0,0,1,0,0.0,0.0,1.1199999999402666,0.0,0.2799999999962667,0.07631161219948165,0.03591062170269699,-0.17931346170699122,-0.14931516859369942,-0.12518103603651096,-0.005876661389999351,-0.16987094965943744,-0.03732184259888365,0.0330116490411297,0.010796632479631873,0.1365571827230433,0.13008328903665783,-0.015182401832881177,0.11329040072816535,-0.13952250360616178,-0.07663805293486911,0.05347824868445281,0.10746130817640492,0.020962935208770222,0.07900976086795998,0.05861309908435135,0.026272897649600085,0.01212636725791937,-0.13555451225641504,-0.0024746307853808556,0.008841690461785744,-0.05293994951851169,0.022332509559001627,0.010852013602452045,-0.06597136734360891,-0.02508008242431924,-0.1496927079942986
scrum_022,spk_4,other,10,5.0,0,0,0,0,0,0,0.0,0.0,0.5333333333048889,0.0,0.13333333333155556,0.03173706953925744,-0.007128445909627922,-0.027552861733737204,0.05484335615454276,0.014359731285633821,-0.0018073311589551417,0.024874138255361233,0.025068028912873682,-0.007045046889268511,0.006948526788619677,0.007339704188374047,-0.022359135442588295,0.009963801771984623,0.03415794906715405,-0.05047238738287586,-0.04057397654859153,-0.019367850504052184,0.00423072766350426,0.005721230390557786,-0.05068361795982293,-0.04078656163440538,-0.03742151357520291,-0.05300940448131523,-0.02468827787128106,-0.07432725139544123,0.042934289439718526,-0.06207337658632192,-0.009168740406646936,-0.014073625441031613,0.0010469848821892385,0.04330205572506884,0.061631338272631835
scrum_023,spk_1,manager,22,7.333333333333333,0,0,0,0,0,0,0.0,0.8,1.2054794519887408,0.0,0.30136986300957025,0.09337983008224819,0.1739274651701456,-0.02724870182619562,0.064876553991035,-0.02393058219936545,-0.06041829631531304,0.10878342470721936,-0.04748772321649702,0.10411058099433856,-0.015215878702145951,-0.10078800885823999,-0.08026523165960998,0.043123905905834994,-0.010315867038905092,0.04594543320118484,-0.09686383388925178,0.042045053838559596,0.026911035872552704,-0.219477587112021,-0.1012817107758641,-0.07879425332672288,0.011236780837214102,0.023287882965359375,0.055753462487163424,-0.03590494402247883,0.10264294164604142,0.00753892662442215,0.1254071182407962,0.013340043405971589,-0.008462537055915962,-0.04517229360381807,-0.10784146178900388
scrum_023,spk_2,other,14,4.666666666666667,0,0,0,0,0,0,0.0,0.2,0.7671232876291987,0.0,0.1917808219151811,0.2511234200941241,-0.06465420509818838,0.07291239820395995,-0.15938790484189025,0.14877456993837998,0.07133857696283478,0.052483085281548485,0.06736342101098437,-0.007278972713725889,0.07365361096528586,0.013919671051277007,0.07346858826909657,-0.025974992695521847,-0.07102327260959963,0.019370668102324677,-0.11915504093598728,0.007824030025975082,-0.06716572691564848,0.012017239176995731,-0.17158587629304684,-0.03763763638196226,0.03826631243188099,-0.041047377447232705,0.06562221130787502,0.034117133051279384,0.038831448968384974,0.1005046989192412,-0.062294994947038544,-0.0893589003625031,-0.007212769396171837,-0.0024748397595328007,0.05382695747857743
scrum_023,spk_3,junior,25,25.0,1,0,0,0,1,0,-0.125,0.0,1.3698630136235692,0.0,0.3424657534199662,0.08449256062427683,0.08903667073847005,-0.14773457749163146,-0.013223668624363067,-0.04636575448836929,-0.06238504875611206,0.2762159227865587,-0.13380963854725778,0.001731416086614625,-0.07674697863032043,-0.002032059446445181,-0.026958622512949584,0.0608669594848642,-0.18803643866375963,-0.20891078180048533,-0.030890395826242308,0.06501473358918981,-0.018347258013355263,-0.0024082246658632053,0.09706311647195599,-0.04372646478188724,-0.029065539721339337,-0.006434269461243091,0.00499990309906179,0.21481439107399378,-0.07530797958626644,-0.009342737526773554,0.016075407623445816,0.045445567993754606,-0.06803646271436958,-0.002258726554823233,-0.06331706515633276
scrum_023,spk_4,other,12,6.0,0,0,0,0,0,0,0.0,0.0,0.6575342465393131,0.0,0.16438356164158377,0.06243271414243635,0.016985238401759035,-0.11833217847518163,0.01140460060939066,-0.0292329891415118,0.020496225585078097,0.02589252387059875,0.010734497889580271,-0.07213557455452123,0.00978864591854983,0.0822966165924662,0.08405395147158365,-0.11922742825578503,-0.07755528727529835,0.3183809253347292,-0.04845722303687892,-0.018802007468660703,-0.009076420540362173,0.07134388572880414,0.0278298660585001,-0.046893153624836946,0.13921759412640103,0.18323397023998628,0.12761720843156094,0.10859765100313011,0.16176392727196862,-0.12702981710588918,-0.10948066231371836,-0.045213220315208386,-0.02165297080445318,0.034197659381625486,0.09611726878248109
scrum_024,spk_1,manager,21,3.5,0,0,0,0,0,0,0.5,0.2,1.2173913042772526,0.0,0.3043478260825457,0.12164026743392486,0.2498471077664936,0.021243762481210633,0.0019386464887903494,-0.09222165706930469,0.006193581518232582,0.06527618968705638,-0.14026461142024704,0.008599726082977337,-0.10183142585538352,-0.0036371987937637777,-0.04045339324281535,0.004695322479148759,-0.03504165264130989,0.11648267584689084,0.0022987523329700723,-0.07934335790944927,0.08337413531448197,-0.06972778801536747,-0.015601545991167037,-0.021252345926132395,-0.06635447555737094,0.03330252386319289,-0.07484200912781766,-0.1758865527870538,-0.051086228030846836,0.01162211064103658,0.0008750931509243873,0.0702089513021595,0.04034079293276339,0.017369596934453613,0.10914843310262348
scrum_024,spk_2,other,12,6.0,0,0,0,0,0,0,0.13636363636363635,0.2,0.6956521738727158,0.0,0.17391304347574038,0.2597285158652008,-0.014785197372942479,-0.07336081677993804,-0.12867610953922518,0.13902864183618088,-0.012903450847409311,0.10654761151385206,0.1673128657988781,0.05951459383239742,0.07278871404241496,0.13369960885558568,0.052945517033243385,-0.09146489209551223,0.010758669956735212,-0.008009180587310892,-0.0874310216654012,0.032580634809507396,-0.017333553552637063,-0.042348445417881034,0.015339569801009801,-0.013056139394606583,0.06480095210438572,-0.03928269719093691,-0.020655654514053448,-0.025780300612576575,-0.0347901419280102,-0.025389745889207175,0.16848665345561975,-0.04137324263007507,0.03800041409300029,0.0007243886120023249,-0.09576134262301526
scrum_024,spk_3,junior,23,7.666666666666667,0,0,0,0,1,0,-0.25,0.0,1.3333333332560386,0.0,0.3333333333285024,0.06601683612386214,0.03561105532448108,-0.15325259079760417,-0.12218690526698224,-0.12951450141437337,-0.05924363438462554,-0.0020791289905596655,-0.10680632131169132,-0.06484049161083988,-0.08060144804188817,-0.07585788039558224,0.05441820815806078,-0.14934954508233825,-0.062496598494801124,-0.04368769868083405,0.05578519601476171,-0.01153151584073855,-0.03022788465453092,-0.0074494632401281465,0.005203236311522354,-0.007511030743342604,-0.018062231806230736,-0.05383331605742898,0.006295066801679883,-0.12085028781963712,0.028491227500983915,-0.028017236531462937,-0.029302194358368013,-0.05502108015243283,0.03144102923536416,0.168399689460791,-0.018903873161724143
scrum_024,spk_4,other,13,6.5,0,0,0,0,0,0,0.175,0.0,0.7536231883621088,0.0,0.18840579709871874,0.09156908107641652,0.006979868114291309,-0.14512340514529773,-0.12736496092640595,-0.07765881067443714,-0.15726956049612062,-0.13818736140617136,-0.1628920850824558,-0.0293146320109979,0.24751639640193443,0.044635935567739475,-0.19296460788293174,0.09864560269151414,0.19104191146175992,0.10243268285949858,0.03127333377277702,-0.15909098888888396,0.008758899115904079,0.0827113185701795,-0.06262248550092916,0.03681326844083351,0.07646654737313173,0.051118071783630994,-0.11498816538296303,0.184326001793477,-0.17343080300178626,0.17173774158653857,0.046138519318865284,-0.10004035719454123,-0.08759765412415277,0.02850266096833912,0.10573847870171522
scrum_025,spk_1,manager,30,6.0,1,0,0,0,0,0,0.27878787878787875,0.8,1.4285714285034015,0.0,0.35714285713860544,0.11374233853870655,0.24031888714146704,0.011211667930570313,0.0802420095768895,-0.059039615887011725,-0.10198966412927858,0.05345473450736681,0.14486465441628496,0.1061438082640748,-0.010391283761280064,0.10308181623156212,-0.12175258225308833,-0.012069182680711714,-0.022179601244257323,-0.020654115066396767,0.047775479814944434,0.03151135800949359,-0.002153535482334845,0.026722609035250255,0.010244528983673378,-0.09621638138465326,0.02961276548104491,0.025081425781553177,0.027981949691605,-0.043154983466080446,-0.04072913301492099,0.021900961752395857,-0.08218104940565106,-0.09608735830722269,0.0565466545268828,0.02022668204060215,-0.04890505007645698
scrum_025,spk_2,other,19,9.5,0,1,0,1,0,0,-0.05,0.6,0.9047619047188209,3.9999999839999996,0.22619047618778343,0.0643895142192528,0.038500668431292934,-0.041738922756479266,0.0463521149964282,-0.008487355230732527,-0.03899321128122,-0.0995996543308769,0.055967688662627045,-0.044492918246397055,-0.09554234878161999,0.09227922447047172,-0.04947000358406943,0.06890040025724226,-0.07653983620653274,-0.001991633106799279,0.07671546226405641,0.10841137224467914,-0.08586895610772097,0.01637845375078411,-0.013327316599014784,-0.15073441293663697,-0.08718366293158834,-0.037236855764123944,0.05279608015342444,-0.030445089127787973,0.007535772046639443,-0.05567637082155778,0.009292759626460388,-0.0715854720040618,0.022003330728541687,-0.08186945119462327,0.1272308832903273
scrum_025,spk_3,junior,23,11.5,0,0,0,0,0,0,0.13636363636363635,0.0,1.095238095185941,0.0,0.27380952380626417,0.08366719669069793,0.08138452233113756,-0.12479463996253022,-0.03310138426626622,-0.05990252172393913,-0.1182748169021767,0.04247762290299087,0.05001974473090407,0.024483738195201294,0.029968958795751146,0.06584626644399443,-0.0022618638121072953,-0.048706471918721156,-0.021611380062102326,-0.05880753920260304,0.030489941264993145,-0.07405510861071642,0.09106577689654954,-0.057435619817817356,0.06152176985184203,-0.2060124253476784,0.08553007369071344,0.00501500990267903,-0.03597406417122098,-0.12490032173890808,-0.03565184845432835,0.01942062698125556,-0.039245861807799876,0.02417100137391588,-0.11899351062537976,0.11886731085844966,0.0148417991898949
scrum_025,spk_4,other,12,6.0,0,0,0,0,0,0,-0.1,0.0,0.5714285714013605,0.0,0.14285714285544218,0.06566801121109683,-0.02098645231441059,-0.08128706180847102,0.02464536718618426,-0.041487212652883305,0.04687249908859059,0.0013598787885663018,-0.009563678585421453,0.07044422504284395,0.1867897558206852,0.15820485241708337,-0.017124708553291696,0.19054403656722943,0.07833143918864416,-0.002827947723560886,0.08053117766870094,0.03568576002900674,-0.0065552590324451,-0.06178431051888543,-0.03292293543965475,0.018393402832962542,-0.00720072623725951,-0.1032976146707007,-0.04018738768566837,-0.04602841347525243,0.055413079720765764,-0.15032374999285847,-0.010293032419768186,0.08200158043779922,0.06940737023281693,0.015602249697299272,0.07254233488288896
scrum_026,spk_1,manager,25,6.25,1,0,0,0,0,0,0.3333333333333333,0.8,1.4084507041460028,0.0,0.3521126760513787,0.15674236990709417,0.21818200832346465,-0.06930671036632786,-0.04204580908717047,0.10436507784065684,0.2203903005444814,-0.0031565511665886795,-0.11904846506562126,0.17062102303337945,-0.13324442854518512,-0.08815136037882976,-0.1811281506015976,0.08583757773886634,0.1885201829227924,0.09246423890312849,0.054066624182878664,0.035547598681938956,-0.03791600070880333,-0.06505545436028745,-0.03476537002530805,0.09521592888041931,0.00803729909346407,0.0429893369873464,-0.033801750938637236,0.10492227799529422,-0.017079282723309212,0.03323432056094229,-0.03559554473564048,0.017779922556042566,0.06887354591932116,-0.027162903267100736,0.0737468539300054
scrum_026,spk_2,other,15,7.5,0,0,0,0,0,0,0.0,0.0,0.8450704224876017,0.0,0.2112676056308272,0.27728676249665346,-0.07413006194986872,-0.007195885721051974,-0.2575277267106732,0.15199360932798892,0.015437606228929632,0.0023225708686703305,-0.03578651905186144,-0.05414236901831836,0.18863333474124094,0.04880645708833844,-0.011364495907474714,-0.1740217998435366,-0.045651313837575654,-0.042171482564290215,-0.02716596531589692,-0.007361407767213845,0.0035359408461023045,-0.06800441818554931,-0.09755772571947921,0.0037963003867775252,-0.018852021179794624,-0.03280552507513092,0.013576461403014842,0.019688710746456037,0.026069341717657953,-0.009401871017785958,-0.07368146532264093,0.05398790099192987,0.17863405083579156,-0.07182036836718039,-0.20389250164587241
scrum_026,spk_3,junior,21,10.5,0,0,0,0,1,0,0.0,0.0,1.1830985914826424,0.0,0.2957746478831581,0.07731157171967884,0.022856292840328755,-0.2781711858485223,0.005178753299604195,-0.28256895176486446,0.5310192073435602,-0.10908643967627067,0.2656125347228015,0.00254569305368329,0.021553132069894704,0.005943485662624382,-0.031134385093273695,0.09190064324644955,0.04110141453726907,-0.05540498755149044,-0.05245900837403194,0.05819026959703502,-0.016783796358725067,-0.09350249103597812,-0.021115917697645238,0.029512974125200618,-0.028785102411074383,-0.001837511758502627,-0.049593329579343225,0.015069395070817072,-0.019181323896139385,0.1558994392031282,-0.03668110596467722,0.1702130447297864,-0.03216130665358553,-0.03765690668234365,0.0528078425541219
scrum_026,spk_4,other,10,5.0,0,0,0,0,0,0,-0.2,0.0,0.5633802816584011,0.0,0.14084507042055147,0.031996323969955345,-0.02312366666086961,0.010695918967199248,-0.023705943327203615,0.006314608553807271,0.045832249132446046,0.0015121498406414989,0.027122293698585112,-0.013223119627641097,0.017729016791659898,-0.00352930872862152,-0.00908011947984673,-0.04664413047921706,-0.03931222762618455,0.059769163200580885,-0.049204654262996826,0.02786831709916657,-0.012399479621079483,0.034541543012307725,-0.051847999715241934,0.00425261475065042,0.07113092043916329,-0.023574101225010823,0.055048609458249645,-0.016022037864342118,-0.0143532854560653,-0.009449856619973659,-0.0019773194712195364,-0.02657317118995991,-0.0009140757022092494,-0.041469335646605245,-0.010763962857033812
scrum_027,spk_1,manager,23,5.75,0,1,0,1,0,0,0.0,0.8,1.3731343282762307,3.9999999839999996,0.3432835820844286,0.13480505082026847,0.12001111172200858,0.041400510524251304,0.06713528271016024,-0.09844129068352085,-0.04396423867865153,0.07540660921398362,-0.062319451811051675,0.0854685479833539,-0.05894170094884717,0.037206275205009846,-0.08595513481405055,0.08929960945327334,-0.04336536015146456,0.0011739740413129014,-0.16260566183302577,0.07629707338214593,0.0719726514290862,-0.029195659531390687,-0.05100947701265602,0.0717903395322298,-0.052670798484210725,0.04211747747013913,0.03961371741053362,-0.014782088462212292,0.027689339488967506,-0.012674384834610078,0.10845135311697958,0.011931255837695618,-0.09222898478828608,0.08072816693704951,-0.047214667876555795
scrum_027,spk_2,other,10,5.0,0,0,0,0,0,0,0.0,0.0,0.5970149253374917,0.0,0.1492537313410559,0.09465175017491011,-0.011779381668627553,-0.18495663865946815,0.31846873390119834,0.13069455174416428,-0.00010564341602750073,-0.03604895385589025,-0.1838286692181959,-0.054137030037510414,0.009039728312540038,-0.052693392216703897,0.12371757672623515,-0.020893227221384522,0.1518300245388342,-0.14051576913905098,-0.009714730313061705,0.05298976749035824,-0.07654761609515512,0.014904667175592122,-0.017442478258116786,0.09582036209214392,0.025386762108856337,-0.01611114824211571,0.14786130208180254,-0.03249252107313035,-0.1418639286907692,0.08071960006209497,-0.23346134916434014,-0.0460679427049551,0.03250275839770415,-0.13712634024492387,-0.08907787032641586
scrum_027,spk_3,junior,23,11.5,0,0,0,0,0,0,0.0,0.0,1.3731343282762307,0.0,0.3432835820844286,0.02991732353204325,0.02537709861643713,-0.03976959621409764,0.020591774589548917,-0.006259441844731219,0.00015009224248483356,0.036257507916935314,-0.018684544486797374,-0.023919288266538958,-0.005946310035326893,-0.009324487063278736,-0.01786057234610604,-0.006172117917278982,-0.012486152621372731,-0.08529973671992937,0.02715560009486509,0.043196964696842706,-0.07228811654787742,-0.01702745709361214,0.10138095542614306,-0.09552670599905663,0.062428749190497575,-0.020336415570274588,-0.0479374575352053,0.06152705819511824,0.07174582810090087,-0.05911950124236563,-0.06198700573475387,-0.007330210889977246,-0.09783551570445617,-0.14220196182906825,0.04110097500127259
scrum_027,spk_4,other,11,5.5,0,0,0,0,0,0,0.13636363636363635,0.0,0.6567164178712408,0.0,0.16417910447516149,0.06763346332993853,0.013128378701237856,-0.12727516671390765,0.05973732470755013,-0.00981512321998745,-0.051852127704737065,0.07292383043040823,0.2098823831302195,0.07984498063220942,0.037702995522622455,0.09802416135683861,-0.005660450783000029,0.000718931911259855,0.03657709786698474,0.11178352380792793,-0.047790207708063956,0.03130836561543384,-0.08649620964336438,-0.08638610382029048,0.11321715492039452,-0.15150175625246137,0.12891500982984597,-0.04580480068764232,-0.018880346715581,0.10050266267942876,-0.05093976209877371,-0.10849161631029844,-0.048444668934356755,-0.023359181585777492,0.11528155720561559,-0.015038414917071514,0.1705419595920192
scrum_028,spk_1,manager,24,4.8,2,0,0,0,0,0,0.0,0.8,1.3714285713502041,0.0,0.3428571428522449,0.08426060277088487,0.09677883330953688,-0.04684988849094748,0.023582901489295417,0.029921112391689136,-0.06326621007575689,0.016347758356867897,0.0722473386534786,0.16894538255539823,-0.019554859380801905,0.08678957803813243,-0.07262322970921754,0.004678706293113182,-0.10191503974014218,0.006873368704448365,-0.005650820371989209,0.005881954889147887,-0.08504589791717818,-0.02507665861634965,-0.19245267559679965,-0.03551591550378798,0.10648558974862042,-0.010133749987519682,0.10026077628311633,-0.03458343400747376,0.0315077416009291,0.07127406936011316,0.008785582818922683,-0.004332809589510096,-0.03690337920622298,0.00013349604047528242,0.006825191564113541
scrum_028,spk_2,other,11,3.6666666666666665,0,0,0,0,0,0,0.1,0.0,0.6285714285355102,0.0,0.15714285714061224,0.07537161858701182,0.0017803106682997764,-0.1636659907507936,0.12132286673226625,0.07016389210348356,-0.08147334189115803,-0.025005204745859218,-0.011752471657838494,-0.06504286735107255,0.14509373460256642,0.017316025284425433,-0.030691414161196594,-0.11353535310216481,0.07737968705973822,0.22149812290983933,0.026144409102312638,-0.14714167783485063,0.05336365561376698,0.09424617232353294,0.14701902466351277,-0.016783188250780606,-0.006515472352332342,0.0963851878137902,0.14142075167826842,0.2160783876138884,0.06234906801518948,0.07849794894016075,0.17300037468919216,0.016586826933744952,-0.144553405912644,0.019616321648127686,0.10268884686950036
scrum_028,spk_3,junior,24,12.0,0,0,0,0,1,0,0.13636363636363635,0.0,1.3714285713502041,0.0,0.3428571428522449,0.1182736756615141,0.03753950784295172,-0.2306902303644649,-0.008595431724284636,-0.07491528542163944,0.00829525897669769,0.07581183812117182,0.07728285714710018,0.007378426893672145,-0.0724199927756773,0.2806526473104841,0.06367199743719783,0.06264751508618,-0.10694869998425828,0.04324735101482265,-0.1999048900384422,0.00791348717371899,0.024567537214215715,0.042635256568989525,0.03088688192569318,0.023246040231715368,0.046683858638977546,-0.058135609692821694,0.06873411860243119,0.06195775189599335,-0.006729682480518808,-0.015897989261055574,-0.0025434950992964805,-0.04669357689327655,-0.08951121177662051,0.09614237051986198,-0.10082618373457952
scrum_028,spk_4,other,11,5.5,0,0,0,0,0,0,0.13636363636363635,0.0,0.6285714285355102,0.0,0.15714285714061224,0.023480672675880818,0.008105401584857222,-0.025083193588696713,0.01095341421179852,-0.03055314136876476,-0.014389840486556423,0.01708492200998824,-0.044325155885637395,0.012713070910820308,0.015337347567342112,0.005945464890298491,0.010533496957656598,0.019064167696357118,-0.060400778523573125,0.05983132404896099,-0.018754688553109487,0.013708805863157529,-0.014801670314795746,-0.06462097458622244,0.053763203891830404,0.033255943402972714,0.03152268064608051,-0.007797363231649929,0.016570138138556748,-0.004442375539888457,0.04505964682736375,-0.040832137167840996,0.032528765858705046,-0.03553536524115942,0.13530465187619287,-0.13008478117374697,0.16869278394564158
scrum_029,spk_1,manager,23,4.6,0,0,0,0,0,0,0.35,0.2,1.3333333332560386,0.0,0.3333333333285024,0.13796127604277894,0.1569215627070636,-0.030226720885770546,-0.08564369997593108,0.05508714804290786,0.042016006114051374,0.09860482596677116,-0.06272254269217525,0.029321900066013467,-0.05117709261836085,-0.002530962171776919,-0.0391145678560412,-0.04350556639557137,-0.08521888613350911,0.0669359366060248,-0.06816608947671386,-0.06377235762598173,-0.006167542093342813,0.04239193977679257,0.062320214287792434,-0.02386010772734761,-0.10325965627173801,-0.05652319705003486,-0.09256447126518347,0.045849029650560924,-0.056335203628155195,0.04764985359838151,-0.07712903783808457,0.1843148362505577,0.016834967827700772,-0.0025793411845661143,0.03839809845117153
scrum_029,spk_2,other,13,6.5,0,0,0,0,0,0,0.0,0.0,0.7536231883621088,0.0,0.18840579709871874,0.2090296885994056,-0.051355155188173164,0.01410652755430701,-0.13764136687356196,0.0907256205277421,0.02315980754670314,0.08077760711343798,0.03102276103121123,-0.029995412119066187,0.048682901820754576,0.04701805331164663,-0.030510538243253296,-0.04559821564630909,-0.06394974211581629,-0.0340695905817563,-0.07459202735191807,-0.007747426902434692,-0.05579883776674067,-0.05456844985165217,0.07468887560014334,-0.11675819535683161,0.002686330269861188,-0.017230928907090767,-0.034919624342621,0.06693980568854759,-0.047289495497800434,0.0959811847250311,0.022239139779212037,0.1103496368656758,0.07837677196973773,-0.014121606096740602,0.02670001110412929
scrum_029,spk_3,junior,23,23.0,0,0,0,0,1,0,-0.03787878787878788,0.0,1.3333333332560386,0.0,0.3333333333285024,0.1037540943225839,0.010415462852504756,-0.17204205748482065,0.05540481241141953,-0.12964104621364497,0.07503978872829466,0.17338399753474845,0.07826605700172447,0.026194808500923837,-0.08912346960599977,0.05379982935607076,0.03588963174133819,-0.10194074430388236,-0.024452310674580233,0.015782986841512404,0.07895797698664099,-0.14987212986396933,0.017261212175621765,-0.10217398055646688,-0.046589710847141315,0.023980763291556868,-0.0707550156303724,-0.17239735802286327,-0.01345013453770644,-0.05252921249839752,-0.039023032796729584,0.16788734779649803,0.10333286914934886,0.08431853159582009,0.12255938850119975,-0.016804273865798077,0.16053735239343675
scrum_029,spk_4,other,10,3.3333333333333335,0,0,0,0,0,0,0.0,0.0,0.5797101448939298,0.0,0.14492753622978366,0.0541152974625613,-0.021181643098744724,-0.05081487488228177,-0.031582495763093896,-0.06419303604211946,-0.028176964980758116,-0.09083824324701026,-0.05227593461759899,0.085189599034913,0.0875736564303797,-0.0490248232209477,0.13968244684499911,-0.06361237864000303,-0.08249978039639463,-0.006133986901697329,0.05866986068904005,0.045165464655702,0.03134285463049142,-0.023850205578904125,0.028608921906151996,-0.017379849183721,-0.03227892078351849,0.09087586099028593,0.06709690404337411,0.058145794293848994,0.1017173994507359,-0.0687018163921649,-0.033796000132733726,0.019122376202822675,0.11254592149357641,-0.03528475914933131,0.11878672159253942
scrum_030,spk_1,manager,24,8.0,0,0,0,0,0,0,0.0,0.6,1.3714285713502041,0.0,0.3428571428522449,0.2202007142373939,0.17636691291197895,-0.011537756885781625,-0.10773763062183192,-0.11627394343960132,-0.05598089826490764,0.011596342719225104,-0.11128425488993171,-0.11507662848104766,0.0687994424497152,0.006020058008615826,-0.10757067629015911,-0.15081166369742988,-0.012577016704341928,-0.01756990104391263,-0.13034018455653704,-0.04546439535377301,0.07552379359017687,-0.10414134511008523,0.049307859288345704,-0.06145702941338472,-0.09196833793259698,0.007773842055148826,-0.04934522872926934,-0.10566004653170037,-0.05412701640746015,0.11827323384820637,-0.07027622602908949,0.10338526069455066,0.0762057588952786,0.02765978259830607,0.1265739631661686
scrum_030,spk_2,other,11,5.5,0,0,0,0,0,0,0.13636363636363635,0.2,0.6285714285355102,0.0,0.15714285714061224,0.07468492991394678,-0.02204056838139518,-0.07107294022046348,0.07632038380706677,0.008973811456552693,-0.02208773479072363,-0.02965603106308062,0.10838093652374604,0.023346423475495495,0.001852812709062799,0.07858370174309484,-0.09123904378961015,-0.010760279160831339,-0.06470667680536314,0.08001308292245746,0.047180925290849246,-0.08554768302783171,-0.06848383264300766,-0.03143883317858005,0.045432188906315035,0.043211214010972145,0.01753892053900456,0.04028242547816796,0.07642279134313175,-0.08535195721076434,-0.10189473634779699,-0.032697154877284265,-0.0155540969648403,-0.014356832305191457,-0.07874087246758178,-0.06983330597976493,-0.04611551862836991
scrum_030,spk_3,junior,23,23.0,0,0,0,0,0,0,0.0,0.0,1.3142857142106121,0.0,0.32857142856673466,0.14109831814685375,0.06286671694407144,-0.17186282115899182,-0.20087241956192214,-0.19859693479238574,-0.20185721813334345,-0.17889896554324813,-0.025255098248549223,0.027400949030706136,0.028070885962255182,-0.13383358833406686,0.09388851641743738,-0.20244283481205158,0.04136065821597632,-0.14765995107990026,0.07676926683490373,-0.06572131540067264,0.12804164265841234,-0.028602905174683228,0.05228118504446138,-0.03734189391265764,0.023422973540955405,0.1604351167838607,-0.02994024870538442,-0.16354707746791544,0.06357786386318603,0.000923371500831649,-0.05830370561704171,0.03595917612473752,-0.05937132979700979,0.07639430349500158,0.05412906679690423
scrum_030,spk_4,other,12,6.0,0,0,0,0,0,0,0.1,0.0,0.6857142856751021,0.0,0.17142857142612244,0.07010865187225365,-0.002842330691492264,-0.06616089271263266,-0.05939815906637583,0.03185218212876126,-0.06604581374715172,-0.059012422305780854,-0.08462195878440221,-0.0090829416410324,0.2047512134702917,0.03983471689874893,-0.1218845920340943,0.2364008083993508,-0.07032049883328971,0.13896523522984341,0.13846543539872758,-0.03795138674375451,-0.11364755022080514,-0.05787720839850164,0.09886760731856761,0.10123986462815002,-0.07596062136400891,0.08799652294582684,0.15434812227867795,-0.05051986817796068,-0.054373002908519666,0.05705318536864658,-0.021550515450270983,0.13058208412742717,0.1993160352580129,0.11780604754711708,-0.05612065810684422
scrum_031,spk_1,manager,20,5.0,1,0,0,0,0,0,0.0,0.8,1.269841269760645,0.0,0.3174603174552784,0.09153712573160516,0.12066111144387859,-0.01299202901917104,0.01104392308684861,-0.01976372275938474,-0.04869234808095627,0.10168275601359263,0.05975337137958718,0.12834245699306687,0.04871082658984943,0.08784272189729721,-0.0414238006063556,-0.02143158526196699,-0.1392969714473735,-0.113507651380562,0.04540698900620074,-0.017231620705954277,-0.10376839044889367,0.18280064213255476,0.03581734975645486,-0.03419652198361896,0.028918702557747814,-0.00014516956733811814,0.003957907496283791,0.060212307961837824,-0.04423550280364529,0.1271259541463465,-0.22173359037166682,0.0690566447529721,-0.028623741062043247,0.004349382252640347,0.022964925888806415
scrum_031,spk_2,other,10,5.0,0,0,0,0,0,0,0.2,0.0,0.6349206348803225,0.0,0.1587301587276392,0.07472651515861502,0.046252238123080415,-0.18719461152192424,0.23245211332268054,0.19389278612258248,-0.04607736613250946,-0.008803806118235672,-0.016744558154480747,-0.01119988793787917,0.0844963789943705,-0.1330604056258047,0.027230659899603545,0.04219214710727246,-0.050695358359365214,-0.01093307936041153,-0.021881584171340743,0.09477529815774902,0.1736025654836792,0.13220365547795085,0.003364910765016196,-0.047078786893810405,-0.049643535689135265,-0.007386472024217008,-0.09236945345608268,-0.021042534894424876,0.0586585301467333,0.018597817878253365,-0.009324118659027913,0.13226526627914414,0.01755277336182127,0.11300361932849162,-0.04047843367934712
scrum_031,spk_3,junior,22,22.0,0,0,0,0,0,0,0.35714285714285715,0.0,1.3968253967367095,0.0,0.3492063492008063,0.07176794640275974,0.023538358891304456,-0.09912420092541784,-0.03750450995918753,-0.14077336118279615,-0.011900645992080952,-0.09590849325174294,-0.007978226643930017,0.16925848690845205,0.015745588449796125,-0.04537671745278859,0.2131579023964692,0.015600169014096497,0.03789233892005987,-0.0964372513915107,-0.05084739458997872,0.07108534759183752,0.09046522279518363,-0.08372076136469984,0.004755123646838845,-0.052071658274836514,-0.05429479919219211,0.289419611781917,0.045001465349820975,0.03219256173087367,-0.005807595453894217,-0.009210696568903866,0.03911980539263981,-0.013704810567520027,0.012416189634585115,-0.04818879757005584,0.007606432278661824
scrum_031,spk_4,other,11,5.5,0,0,0,0,0,0,0.0,0.2,0.6984126983683547,0.0,0.17460317460040314,0.06454166240678334,-0.002490025864905648,-0.04239311273108428,-0.025617554263592406,-0.003585695970082862,-0.03184582800491428,0.030138152423901124,0.03704335491429178,-0.05440089660422064,0.03415527988471591,-0.04049384686982136,0.060408920929401255,0.06129929616330308,-0.003982307404997221,0.1031148860839959,0.004721956053803064,0.28998008856020624,0.005682437067331227,0.09381634687633733,-0.07459089903954877,0.0040914821754226794,0.05927749450191018,0.07215316003375778,-0.06615192798311004,-0.00848005451463276,-0.01696870298399119,-0.010020218450692725,0.1339971814033522,0.033682903322494136,0.013061326651605039,0.03866756031471692,-0.06624108131806533
scrum_032,spk_1,manager,20,4.0,1,0,0,0,0,0,0.31666666666666665,0.2,1.269841269760645,0.0,0.3174603174552784,0.10498028477364268,0.12218172425970156,0.030670364809569698,0.00129619078146176,-0.08456445798941765,-0.06408590473626577,0.014167248579377956,-0.026648257177700103,-0.044060351607259775,0.01154072009229554,-0.08663865795197363,-0.09507404444498872,-0.0038403885336595004,-0.011703221760322687,-0.05783705224407869,-0.04164745267879612,0.019288034857837998,0.0285489972748597,-0.11465216205643877,-0.052747907685669955,-0.08255323285679489,0.021697767017106195,0.010704778944104756,0.11176135613961115,-0.11821439266641029,0.09721648107956107,0.015486813066798185,-0.03438159051861504,-0.007817622375613384,0.023705668116441203,0.10028464481031517,0.02837429684753333
scrum_032,spk_2,other,13,6.5,0,0,0,0,0,0,0.0,0.0,0.8253968253444193,0.0,0.20634920634593099,0.06077191409384401,0.006143895727937438,-0.022259856509379224,0.006214726755753356,0.00878963265049554,-0.005014263429615485,-0.00829954062251545,-0.0488420398366495,-0.012670903774801413,0.014655921765653303,-0.05126631372689671,0.00770850800428338,0.01791522877592879,-0.03232416947675694,0.02368779701887236,0.05781684554392716,0.04859540679001399,-0.0659149198237806,-0.1064780864056407,0.07996555302059395,-0.20296147527083533,0.048124664178903376,-0.05143156982291266,-0.14355943776249347,-0.057807516971477596,0.2363070146984373,0.06919875203802933,-0.05788233741087098,-0.07349381131895225,-0.0427331441286716,-0.18264074460507862,0.012974669254473619
scrum_032,spk_3,junior,19,6.333333333333333,0,0,0,0,1,0,-0.5,0.0,1.2063492062726127,0.0,0.3015873015825145,0.03558732147611353,0.04973724328632145,-0.0378569763632473,-0.02825647567099907,-0.05288961500863472,-0.05185145292386915,-0.017950076726679275,-0.016335232161508808,-0.06871175857990819,-0.021983757916293353,-0.09590291224109493,-0.029853282082225843,0.04091724469391596,0.0034848167586650123,-0.03559190587479952,0.02775081049090426,-0.09929965078701027,-0.012557037421274342,-0.05447626173475537,-0.07901383645566719,-0.1073093522630802,0.04791548640287368,-0.04606483524138735,0.10256278557230973,-0.0700544104757371,0.15005525840304448,-0.009428876706053848,-0.05993178278134049,-0.05199302801810732,0.04050669925694214,0.08753614315848633,0.03889045337764193
scrum_032,spk_4,other,11,5.5,0,0,0,0,0,0,0.0,0.0,0.6984126983683547,0.0,0.17460317460040314,0.06589423427083434,-0.03247068051528464,-0.036492647765234525,0.07750745601590849,-0.0468275074744662,-0.011528415590823933,0.028948915795989367,-0.12057479063338654,0.00036599867212488675,0.013812359975200817,0.07847311092419441,-0.12582340363468755,-0.09078401257252422,0.04168792649900224,0.054407824142484705,0.032912606551736306,0.07199113331523226,-0.09332976414721403,-0.06746243705564663,0.0370716430664757,0.11860762931573246,-0.03149741690594019,-0.00427600690441049,-0.1248009009970289,-0.10224654916285303,0.03253740789783629,-0.07694025575416891,-0.0977363354656334,-0.07218567985017586,-0.037118717693439565,-0.15376696609379775,0.001524111635609366
scrum_033,spk_1,manager,22,5.5,0,0,0,0,0,0,0.6,0.8,1.2054794519887408,0.0,0.30136986300957025,0.07844938810320201,0.150885066688156,-0.05499410869847373,-0.01812032556973487,0.008087287057590627,-0.04013868334239697,0.05871448346203913,-0.09920907520949943,0.12225401566894258,-0.09953192867040443,-0.1269270726321224,-0.021395916219670123,0.07823244901050826,-0.010626661030712805,-0.014629754182158214,0.0386837945640078,0.0373897680435989,0.021256713623398343,0.015313551069922214,-0.013714231948859443,0.012845434244962596,0.07261435508645814,0.11926125157997558,-0.017805128747748974,0.00199146955785561,-0.07369073245710149,-0.05915831435222199,-0.009039483654460279,0.19833397709367903,-0.1440645196337386,-0.00880107679549422,0.006476197505839002
scrum_033,spk_2,other,12,4.0,0,0,0,0,0,0,0.02500000000000001,0.0,0.6575342465393131,0.0,0.16438356164158377,0.048198478408512276,0.007820211664134668,-0.15737644159441938,0.1580662542429486,0.05640741549595588,0.0356033679802369,0.028606994114233918,-0.016130457512000287,-0.040188563158152266,0.12498007589546431,-0.0674346484332498,-0.03176369427304484,-0.16692510008147687,0.0026416847782933022,0.08964345025126723,0.0666837114236681,-0.021682539684502858,0.05050268816557793,-0.059793229755782946,-0.008175087029497879,0.008840970892702568,-0.0031352757796782337,0.038361714088335795,-0.06346619671785202,0.1511144563333128,0.17465747605962037,-0.06129958857179696,-0.031123413726198083,-0.12124497135086752,0.016286770148439607,0.27088594001354555,-0.035498829946094414
scrum_033,spk_3,junior,26,8.666666666666666,1,0,0,0,1,0,0.0,0.0,1.424657534168512,0.0,0.35616438355676483,0.05577474211746336,0.020143746946022927,-0.10025053296163801,-0.06649556397641133,-0.024363014729094266,-0.07992915621512209,0.18547444389351214,-0.07064987346716481,-0.09091593108977022,-0.075097727821841,-0.02958739149650137,-0.09933701036506809,0.015002756642314043,-0.13662961484913794,-0.164479837355683,0.03316048014462326,0.030193816591863185,-0.017811224734113205,0.014819345737487298,0.19334373176276243,-0.08423167094760967,0.027078102222406985,-0.04351233766218718,0.0248380869573856,0.2239535386492313,-0.18521826341512285,-0.1438178328371731,-0.12001700672352385,0.17340228187920703,-0.18266826219912916,-0.0008421434713683234,0.07853969301994912
scrum_033,spk_4,other,13,6.5,0,0,0,0,0,0,-0.25,0.2,0.712328767084256,0.0,0.17808219177838241,0.03803869454640694,-0.004194627088953088,-0.033358148103766375,-0.03673358525998053,0.0059275785652801016,-0.020967677263072006,-0.0010954587615397541,-0.039765737916808326,0.020229326472489574,0.12990996106654606,0.00796875466544953,0.04474271456698467,0.04519343525540123,-0.08011827515140185,0.07566856146714471,0.1025554029871928,0.04373353856107439,-0.03669865504341277,-0.04120287085314542,-0.003032943095347165,0.007227609034441804,-0.028851292875114988,-0.06793858030385143,0.07712109316376699,0.023578380601430284,-0.014233833361817097,-0.06677178023281545,-0.022765280911219044,0.06810512401577824,0.06782148398089857,-0.06642144770561671,-0.046051601549536025
scrum_034,spk_1,manager,29,7.25,1,0,0,0,0,0,0.09384615384615383,0.2,1.5675675674828342,0.0,0.391891891886596,0.13303642828163664,0.132566899097895,-0.04228390289703598,-9.396594598857132e-05,-0.18317272814733354,-0.13198660765463033,-0.11614314044828547,-0.01854597233570615,0.1668950032141322,-0.056839659139708634,-0.1251884334036149,-0.13734787740256135,-0.04951034120544475,-0.12618501963087433,0.006328102976535494,-0.05892058396412204,0.013330460663516263,-0.11969870105441803,0.11803117856324342,-0.002818413564078405,-0.0012262568511880727,-0.04159763415323178,-0.1332767042608596,-0.012738723359891034,-0.07546031799390518,-0.007128067445096716,0.019388642906152366,-0.008089365159637523,-0.05473005676402896,0.036819119402257953,0.030229494934107648,0.03200296790306599
scrum_034,spk_2,other,16,8.0,0,0,0,0,0,0,0.0,0.0,0.8648648648181154,0.0,0.21621621621329437,0.2899713989005589,-0.0623094217447635,0.05072159585705046,-0.19312626022080728,0.15468129810629122,0.1306600534095548,0.05797379149736889,0.043861245174330134,-0.045332556139022824,0.031353979816504104,0.06296830966754392,0.12477064632585919,-0.04904904990049176,-0.08279271075830827,0.12096969075713279,-0.19172413035517177,0.0020289975666364433,-0.07255992896597345,0.11879656288699515,-0.21973567332252375,-0.041020407438479754,0.12139316482887623,-0.0787224185187732,0.10449121912313264,0.00867386369222083,0.03593935034257329,0.06904334186816327,-0.09379252612309331,-0.13717463017621845,-0.06411217668604637,0.01691681983115782,-0.026517650024041307
scrum_034,spk_3,junior,22,22.0,0,0,0,0,1,0,-0.30000000000000004,0.0,1.1891891891249087,0.0,0.29729729729327975,0.08831559225639171,0.04584156452484206,-0.14535450835689515,-0.13608827444515365,-0.17828592483879038,-0.07778295629918072,-0.2170392217348593,-0.014264512480159003,0.006581051290694876,-0.03045515573240371,-0.12202788818250838,-0.062207908699044016,-0.03268107495740683,-0.05490544202816522,0.049221708492610816,-0.14157171820779033,0.06685241890988378,-0.08749908789934915,0.07731053539350552,0.03142696548689071,0.004967438879785119,-0.06583200479567843,-0.24190583944262145,-0.013398676980065052,-0.024075950134158513,-0.09534408852466385,-0.04561687144488286,0.01753301950964208,-0.010969504357332502,0.04596338486292674,-0.0038901374312314166,-0.06942378769588209
scrum_034,spk_4,other,7,2.3333333333333335,0,0,0,0,0,0,0.0,0.0,0.3783783783579255,0.0,0.09459459459331629,0.040528384153770115,-0.02229143948942419,-0.03924433345694695,-0.021346031250392035,-0.07735781140493495,-0.027403338493300126,-0.09788611640354201,-0.035789409191158375,0.10438107153546483,0.0633459821132409,-0.011341439272508975,0.15016855680207453,-0.06356954033013112,-0.02026860629770141,-0.06324501065545196,0.0019144612634024124,0.004899691811574568,0.03330384641067936,-0.024172567337624604,0.040788072951969456,0.03812446622158642,-0.042934969556294666,0.142195298286223,0.06162087427008147,0.05342768208096356,0.058119559926300024,-0.05271563465142325,0.009477531992953103,-0.014617630704501703,0.1107516414335356,-0.030131347592205936,0.11103552617753074
scrum_035,spk_1,manager,24,6.0,0,0,0,0,0,0,0.25,0.8,1.3521126759801627,0.0,0.33802816900932353,0.15658750764875376,0.16811134040474604,-0.05754712985442059,-0.09906749292216574,-0.0625460678128586,-0.042917500445134565,0.024858701685202246,-0.0925233931525216,-0.06346075044509503,0.077954660344068,-0.02403707787052008,-0.13006191372709902,-0.1528528058010309,-0.012758137209374985,-0.030371684692194357,-0.07912598061199637,0.05177305948618571,0.09156944445229194,-0.09196443378146264,-0.023166088379616187,0.06273256037308592,0.026593759027099723,0.11028374233881429,-0.009994498736871459,-0.10501165957086825,0.015523047969110243,0.02407448310059317,0.09303274783623185,-0.004635788302404014,0.06379266920415752,-0.10311193132541925,-0.06628361673371112
scrum_035,spk_2,other,12,6.0,0,0,0,0,0,0,0.1,0.0,0.6760563379900814,0.0,0.16901408450466177,0.05071302575666976,-0.01674116054876096,-0.07188140208535317,-0.009297542359892035,-0.013897672699012088,-0.051238403674740564,-0.021676275728728038,-0.016852377315733073,0.003853044368532613,0.08919424711348617,0.09980020319574191,-0.1292528594374352,-0.030903440719338014,0.010213187914230183,0.20610130045680297,-0.004111659787664889,-0.07939178727844474,-0.08043929954170825,0.10084055932964749,0.1666643127101534,0.07087297499567677,-0.20761152591258622,0.23019596969923756,0.04073138924184335,0.06660200794190586,0.07378198504584899,-0.07879085418915156,-0.061504676267504325,-0.017270323415970578,-0.08526557815165774,0.030282180690949297,0.0354902474110682
scrum_035,spk_3,junior,23,23.0,0,0,0,0,1,0,0.0,0.0,1.2957746478143226,0.0,0.32394366196726837,0.10162373793795669,0.027282099102605276,-0.16251388720370225,-0.012610395695786748,-0.14106061529470232,-0.0046815052324624944,0.17712336853216343,-0.2015655249230447,-0.09456652052993955,-0.09260700956776323,-0.029112691317322473,0.008044673268578975,-0.2934970022140099,0.035494030812096344,-0.011217334964551955,0.1930763510507841,0.09399662545086625,-0.09922848672823965,-0.14090544364921387,-0.14119395383451874,0.1492411013313261,-0.15391785834717106,-0.06355639876286617,-0.046441006147157626,-0.10572471690672801,-0.03297598101820648,0.12306724518126116,-0.014088687649566736,-0.05127090059964924,0.031130397539051297,0.021512493758529868,0.08896544273646131
scrum_035,spk_4,other,12,6.0,0,0,0,0,0,0,0.0,0.0,0.6760563379900814,0.0,0.16901408450466177,0.049029059363289815,-0.021527742153693838,-0.030309843917344825,-0.039775985239780785,0.01757088339063359,-0.011588842218169705,-0.02998801927696416,-0.068917177614617,0.08451992885192121,0.32058617830358566,0.10633073862649467,0.05349752477846255,0.23099692801540012,-0.13387598880662005,0.10407596968008213,0.29826441872086157,0.09011483571242727,0.04845062014057386,-0.12975069782261375,-0.003870510008650763,0.14941329919146132,-0.060711858034857,-0.12365514702530668,0.04205249995523921,-0.08169717027335673,-0.10958195135851974,-0.05661512585282788,0.016918997987687937,-0.0020005970603073683,0.05989391180756714,-0.08044797140131879,-0.007893034207569875
scrum_036,spk_1,manager,30,7.5,1,0,0,0,0,0,0.0,0.8,1.6901408449752033,0.0,0.4225352112616544,0.0888346484641149,0.13362150088176888,-0.018630400845269908,0.011505140702573639,-0.043600382464117994,-0.07341747601617371,0.037337356506932755,0.022889828773299627,0.11563525355646996,-0.04268482647786098,-0.09784307257719449,-0.13509475343673022,-0.06926568063797164,-0.03675972985940155,0.06893284198287712,-0.018144971743302367,0.18031097693138678,-0.057700961425726345,0.12918372573443565,-0.004338543743828626,0.07106727213675687,-0.047785993279333354,-0.03153839850997258,-0.013315287497102321,-0.12461199929728657,-0.046427286972671074,8.382490547450949e-05,-0.043828926650633385,0.04310116242149264,-0.00044108840396270136,-0.09737940896015468,0.12496073134836254
scrum_036,spk_2,other,9,4.5,0,0,0,0,0,0,0.2,0.2,0.507042253492561,0.0,0.1267605633784963,0.06377524449421362,0.011700989989392011,-0.12414498290189911,0.14233337260678558,0.08047014851009636,0.00014967664606945917,-0.04776184072146838,-0.048690720122467425,-0.001595958824689678,-0.009054761938642877,-0.02966068414107301,0.0344728089538869,-0.10789060529343915,-0.008083150138317778,0.010807814496700008,0.051225494664635524,0.017732132553517382,-0.04695946858269057,-0.07947594636981992,-0.07161803840222708,-0.023174241532087626,0.05369930106299551,-0.04608617312451147,0.017895203335378328,0.021573949845877214,-0.08394475635663248,-0.17486047808739863,-0.06935119605074748,-0.014945609482859173,0.020461093646575515,0.021694160188392715,-0.045538123406805554
scrum_036,spk_3,junior,20,10.0,1,0,0,0,0,0,0.0,0.0,1.1267605633168023,0.0,0.28169014084110294,0.07271095217271535,0.038263738080943646,-0.047188748831891655,-0.07246475460575952,-0.052376627679381824,-0.06880778598578326,-0.016594487787426206,0.10377655797911693,-0.002075824146757898,-0.041462570997030636,-0.2457159474512132,-0.06998989183673691,0.03439484110843338,0.058804609571332926,0.08898560404127072,0.01283072070676685,0.06924864358330216,-0.06741004630204127,0.024293956771966985,-0.0005194548887419561,0.09268211292903533,-0.023023633578090126,-0.0879966996389484,0.13657226242200723,0.00821592369434857,-0.014716433193984992,-0.1799665546334213,0.016991397441559586,0.1209316875338811,-0.00778641086542961,-0.017373813860026996,-0.04362862522284948
scrum_036,spk_4,other,12,6.0,0,0,0,0,0,0,0.25,0.2,0.6760563379900814,0.0,0.16901408450466177,0.06486804996793392,-0.03379009132149216,-0.083516381713522,0.03881178025273682,-0.006807722803106575,-0.042644682405921654,0.039460937349607275,0.01838802167404513,-0.09260336131149606,0.06254289149388369,-0.09306517952683553,0.07198311331705455,0.10148358282834588,-0.07095492429752417,0.20941134416327278,0.05419011754994224,0.3733010189216676,0.06943111019508628,0.1578406016605106,-0.05319378513357375,-0.11637118437489383,0.0878966131072601,0.1486741900705339,-0.10527003008963463,0.003831114891955824,0.058964312087074144,-0.008303514768503628,-0.020301928128451052,0.08816011991937618,0.12284447318850535,0.07808345910818383,0.0720064617292595
scrum_037,spk_1,manager,27,6.75,1,1,0,1,0,0,0.3333333333333333,0.8,1.4794520547134546,3.9999999839999996,0.3698630136935635,0.14568583736866395,0.11424532624649848,-0.05128004553673097,-0.044642981314867526,0.01591624402181375,0.10038981537071788,0.14868546249134953,-0.10957905306440965,0.04846007944859047,-0.09392588909878757,-0.029101431941187555,0.1137003498060225,0.05881917819518463,-0.08184971939618986,0.01790436627050605,0.08225536405541109,-0.125575525523265,0.030297943938914048,0.01314534677129455,-0.06805260041811621,0.023818015640989572,-0.020140025149734203,0.05765837742559215,-0.11009033187285175,-0.03520428754975158,-0.04654860312140864,-0.07918740437576753,0.09349337361204339,-0.09707177655361696,-0.03828670850954946,-0.021648145892998294,-0.005901860529933504
scrum_037,spk_2,other,10,10.0,0,0,0,0,0,0,0.0,0.0,0.5479452054494277,0.0,0.13698630136798648,0.05832130685028135,-0.030790256102654928,-0.03171516587079778,0.0005007241044961567,-0.004537145317639126,-0.02077868190891568,0.10287991822901556,-0.0269935397485396,0.010624958519174683,-0.002109330641520317,0.09538922907385214,0.016539294401168303,0.10633420691391864,-0.10863285324988103,-0.1295998220212825,-0.05707137769958862,0.014679878342216113,0.04511610697328417,-0.004351947779016835,-0.050160560786623905,0.024959097786641477,-0.10900825664564011,-0.07532885684742886,0.07083696734164631,0.1207516688392243,0.039693402154487745,0.006569561378568147,0.010923855863844806,-0.023946596735221443,-0.06660019131097678,-0.026885074915571842,0.09597815303017718
scrum_037,spk_3,junior,25,12.5,0,0,0,0,1,0,-0.03181818181818183,0.0,1.3698630136235692,0.0,0.3424657534199662,0.08927207756590262,0.007903060699266324,-0.15845299549163794,0.01416581663044388,-0.03214552850806854,-0.10001615191381666,0.1273863319095285,0.052753003241742515,-0.003905783297732277,0.007517837780625583,0.05404941136083493,0.041251078588059216,0.025461098559557686,-0.06562775511318113,0.018513247487741878,-0.03220329818309106,0.19797750319038754,0.05584261499059288,0.05803788141751801,0.035969370424996705,-0.0021468140661871278,0.04388623243956211,-0.014720993783186613,-0.0833613002914302,0.08147755132681642,-0.0767399894668395,-0.12684090139253656,0.1529457664858324,-0.04720758341086791,0.021797197858846977,-0.031769359877709284,-0.09963219046242106
scrum_037,spk_4,other,11,5.5,0,0,0,0,0,0,-0.06666666666666667,0.2,0.6027397259943704,0.0,0.15068493150478512,0.05114194945603537,-0.019130321795953503,-0.081403022335973,0.053589406925565415,-0.03916938408911892,0.01902092357113553,-0.01061079094046807,-0.10005051827250858,-0.010515889102998605,0.035760496512269466,0.027306244862189927,-0.1128310438459041,0.00660826664578074,0.05744130282207325,0.07363744216907163,0.14144990559777956,0.07676839292458655,-0.1527309334820282,-0.04068322277588872,-0.04751618358932122,0.21914681727884755,-0.046767049333462735,0.03331747060304056,0.021557797791065703,-0.034948736949796486,-0.10162312348071939,0.063888601189373,-0.017193410364233122,-0.12357606248862503,-0.16197763769979331,-0.07712609190782543,0.006996250655057329
scrum_038,spk_1,manager,25,6.25,1,0,0,0,0,0,-0.0045454545454545565,0.8,1.3157894736149585,0.0,0.32894736841672434,0.13536168258829154,0.06147679114014328,0.0027905599419390885,0.02818679949281512,-0.05289665111572665,-0.0712863982021468,0.04449038236094841,0.1864694979705257,-0.03271493292353492,0.020982894090060822,0.05496897203828897,0.0518494401780172,0.027302443431697906,0.06829009802525386,0.06636151938880751,-0.008607574719107119,-0.06774077208683374,-0.06502847220374464,-0.0859334521221952,0.05680428338793039,-0.09126940772302818,-0.016697666785223938,-0.005868113351161232,-0.15141338783205996,0.03181039250968152,-0.11614754539312809,0.005818813807066163,-0.10907095673382906,-0.07354371836190747,0.02766881134606008,-0.0017973119787210168,-0.07391755619999978
scrum_038,spk_2,other,15,7.5,0,0,0,0,0,0,0.0,0.0,0.7894736841689751,0.0,0.1973684210500346,0.08619850615308784,-0.03995770942289381,-0.026146958786540938,0.029781936613592665,-0.040569066980869165,-0.04087710114837207,0.014780198541659248,-0.035708550230265965,-0.04511376689755359,-0.050894838182073396,-0.014900547442549287,-0.01796851259999409,0.04506913476708064,-0.056043664544863286,0.11646376980233575,-0.02804886227756749,0.15031324210230615,-0.08617364113764941,0.032469830683937544,0.12298566735734118,-0.12647896522123223,-0.046745730195972904,-0.0364111793958306,-0.06771479046482916,-0.08065186745201391,0.012832461833677589,-0.0061044953259432695,0.0842504302906763,-0.057365692771648685,0.15130878592824265,-0.21372658028719135,0.2896288701768334
scrum_038,spk_3,junior,25,12.5,0,0,0,0,1,0,0.0,0.0,1.3157894736149585,0.0,0.32894736841672434,0.13147986445185564,0.02516733582645579,-0.22760317020279808,-0.015620760659175639,-0.21746616422870482,0.026685278977229557,-0.3064121898771527,0.06992011751688408,0.10999294939130506,0.03804951551436065,-0.10267883415895163,0.2044105343387374,-0.029033498745877215,-0.0013732574160300582,-0.05814463543454733,-0.11675323774283927,0.10422423542610659,-0.07813089198132629,-0.052604816073945626,-0.03456221081827029,-0.014174732609252942,-0.13901286923093553,0.022670770700817792,0.13413146618222963,0.10144054237675143,0.002793559336575927,0.02368029724606351,-0.021086303622234206,-0.03667021342095274,-0.054115911823002634,0.017666531896397983,0.06563127016586093
scrum_038,spk_4,other,11,5.5,0,0,0,0,0,0,0.25,0.2,0.5789473683905817,0.0,0.14473684210335871,0.08647228939676681,0.04539721091160855,0.061164120100164254,0.026001721792943598,-0.059794741556694495,-0.023372635427685057,-0.06687263968840676,-0.03538336393412086,0.0009526180216991231,0.13557843711463868,0.09735981770996606,0.12159055109404304,0.15355285441746155,-0.13001631754347506,0.07853657695891217,0.2834573528955852,0.03483604804632987,0.015115227722076347,-0.14282933021384953,0.11707751794715116,0.168009136093157,0.06723021670771606,-0.15491156454091898,-0.0011604144586551115,-0.02198285898183479,-0.0722864036388765,0.006369376640775713,0.052289088780200686,0.015073056965632617,0.07454213465691091,0.023994187535232265,-0.03082660891126545
scrum_039,spk_1,manager,22,5.5,0,0,0,0,0,0,0.10000000000000002,0.8,1.2571428570710204,0.0,0.3142857142812245,0.1252367435444472,0.25443687095539314,-0.01545694096481118,0.07744910513594964,-0.05681531280645403,-0.14616324685042928,0.10012745902493862,0.027545545291907666,0.20366113166228655,-0.0017047380163316725,-0.017808917208425017,-0.15648795075745292,0.026913591104328734,-0.09497527683873726,-0.12225008660639561,-0.041050932936111846,0.14071683953782244,0.09480227059038392,0.024885649394370435,-0.09787495037854005,0.04468682372668027,0.1528883754487276,0.0968778828080487,0.03556470959745005,-0.1061199677609082,0.027028363130461596,0.07785971387181286,0.07790916011024948,0.025717228173293825,-0.052623543222111525,0.012953502313869818,-0.0034748805195941855
scrum_039,spk_2,other,13,6.5,0,0,0,0,0,0,0.0,0.0,0.7428571428146938,0.0,0.18571428571163265,0.08683493722073156,-0.06206771849711126,-0.02865046213745411,0.08938991055985837,-0.03366303280826179,0.023904523421647138,0.09063024688250472,-0.16508463765942724,0.03761184411825564,0.10501245870232627,0.09942828892189062,0.002984125734342422,0.037316869210343426,0.19781900431780167,-0.08066080055931651,-0.011213947225275644,-0.009448286872387923,-0.11779245363239269,0.09377697736117312,0.0915784944601685,-0.06457389508628669,0.05745708625064993,-0.0523695021294702,0.07811625230070385,-0.051126135191269795,0.05257040117752617,-0.09090748907208085,0.021676475112623987,0.05381570849202813,-0.006723025812676475,0.01116453047947344,0.0043436102680587795
scrum_039,spk_3,junior,25,25.0,1,0,0,0,1,0,-0.024999999999999994,0.0,1.428571428489796,0.0,0.35714285713775507,0.0810042334001972,0.03302715536165487,-0.15101824030565378,-0.012151844668155672,-0.074449952362766,-0.05935612932684625,0.3116661350785654,-0.1554425928661186,-0.0794513125834466,-0.09831426715264881,0.1127830539787372,-0.0057867027093751085,0.07849704035227383,-0.22435503668042722,-0.27087342728452596,-0.072119436890313,0.07562523432572103,-0.023131963803872006,0.03135848757484812,0.1023130704859633,0.01869792871616316,-0.03977911967253879,-0.06526691862445672,0.04052520695188392,0.2706739525450739,-0.0686582136564938,-0.032906896311382834,0.031704003280707604,0.00398293283728705,-0.07491979132175505,-0.007078364547981322,0.05298991225648163
scrum_039,spk_4,other,10,5.0,0,0,0,0,0,0,0.275,0.0,0.5714285713959184,0.0,0.14285714285510204,0.07713746955572812,0.007064216766678649,-0.13077631246111224,0.06614629999872951,-0.035901613141995636,-0.010103131459006874,0.05867927216840514,-0.08942995940610637,-0.026960097274493215,-0.0025501108604449496,-0.06742872107928868,-0.0808440847813391,-0.26418569115445395,0.0938816981485962,0.16956287507553183,0.08805158743771649,0.23362346881269147,-0.12873947898185745,-0.12624043519433695,-0.150678105711296,0.126856667327831,-0.11459044345054137,-0.19053717256281993,-0.07930945490544587,0.013940017931475604,-0.006470279258731873,-0.07908951631300515,-0.05043433088471809,0.00022060465020560762,-0.014872978745502603,0.05093855272608766,-0.027574282620072787
scrum_040,spk_1,manager,25,5.0,0,0,0,0,0,0,0.35,0.8,1.4492753622348247,0.0,0.3623188405744591,0.10402045357788221,0.19984483674928585,-0.03380951935392014,0.011479696659527758,-0.01245146805314723,-0.005880473146348657,0.085041918695318,-0.04843570476782766,0.09180291469574901,-0.072072209249269,-0.00260049229750927,-0.06377284001323798,0.10348465787548143,-0.09621766627426641,0.04812351781985918,-0.012613218724524733,0.026156411992590542,-0.06593962754286654,-0.06832563748100107,0.053153413294533776,-0.1328182659177955,-0.07639924627995302,0.09878894905804472,-0.008835116935381363,0.09042380539392218,-0.007666360974805042,0.013244572031227695,0.008314253166828893,0.06536198472197291,0.03487622798776175,-0.03987477256112832,-0.02173491515277547
scrum_040,spk_2,other,12,6.0,0,0,0,0,0,0,0.0,0.0,0.6956521738727158,0.0,0.17391304347574038,0.05166894734866677,0.00176287376199299,-0.07519173293231123,0.06660233155436568,-0.007696445379622101,-0.03276150113467453,0.06253064025179586,-0.01582896432458505,0.1229645126480881,0.04983750241030363,0.03581263911855982,-0.01666881696063548,-0.07500399768632682,0.06568140379172804,0.08104165545009517,0.040934540539607316,-0.017851245632980066,-0.0036891388170253135,-0.16735626670224796,-0.09902019663630046,-0.06292450728280671,0.04378793256831236,-0.11339892111161534,0.009960341649175785,-0.014350202176524609,0.04737207901230266,-0.11550385523089562,0.020066568700286887,0.08186527814551114,0.015842010965937698,0.09399719894866722,-0.0417686143335964
scrum_040,spk_3,junior,22,11.0,0,0,0,0,1,0,-0.125,0.2,1.2753623187666456,0.0,0.31884057970552404,0.10948813556714979,-0.029838732979942224,-0.10128430810931449,0.08958684294935824,-0.0897764085893266,-0.018660835018670604,0.15482166090415295,-0.1582025367538063,-0.11735474514682746,-0.08428565176953483,-0.02783209593374579,0.10739149004138536,0.09619708440646911,-0.018268494207258658,-0.004950479006434301,0.03179417897047008,0.26288547353863073,-0.13737825560379058,0.17266482518101206,0.07581441875306293,-0.08601552801217378,-0.044195357623711545,0.02640648838743676,-0.01982975165504285,-0.03626257930334127,0.11542427309961291,0.09840032456890457,0.10590516485204887,-0.03461787336809167,0.0677807200448948,-0.07130226617492762,0.07126124881153212
scrum_040,spk_4,other,10,5.0,0,0,0,0,0,0,0.16818181818181818,0.2,0.5797101448939298,0.0,0.14492753622978366,0.1069613975615013,0.05940992987757807,-0.20786392315717442,0.27938719050466937,0.1955494885146106,-0.09539289939916379,-0.05386201635294204,0.1587702225323978,0.028696464444150662,0.05655091483119321,0.03867361167517772,-0.018461264716554373,-0.004263058760527262,-0.06323900381133007,-0.07384334376881421,-0.06922944878388641,-0.057638513005996664,0.05435502366437686,0.023414186127636634,0.007288032590972166,0.05966460513456146,0.012485076591973118,-0.09931765361617863,-0.10738300358826228,-0.09641745231237947,-0.01906177749188837,-0.06117380121748379,0.0494143594189256,-0.031863824851851984,0.09360043170151161,0.2259471676302296,-0.02172603423611489
scrum_041,spk_1,manager,19,6.333333333333333,1,0,1,1,0,0,0.27777777777777773,0.8,1.2063492062726127,3.9999999839999996,0.3015873015825145,0.21495696751828566,0.309843102260524,0.11882322915771626,-0.016122806107927597,0.07593045704961011,0.08184113929324653,-0.11610214089020013,0.0005368279465425729,0.17186287800778308,-0.1444284595840517,-0.05168218328331027,-0.08133925592749847,-0.027764600437437448,0.022347352053884842,0.01306728751687707,0.1120313804457461,0.015826004274720775,-0.023645948304206618,0.22036681263497696,0.0845830965159283,0.10967582813740492,-0.07576524816791705,-0.08936875452398833,-0.013961641395022492,0.12597207963385595,0.038553792186356316,-0.008691454356706067,0.06866798391763942,0.04422566245550924,-0.001843745272705792,-0.03272027711120393,-0.0033276226938273256
scrum_041,spk_2,other,12,4.0,0,0,0,0,0,0,0.0,0.2,0.761904761856387,0.0,0.19047619047316705,0.27652695707023517,-0.18932583645157752,0.1390578042300504,0.13776511654981624,-0.11932120950753447,0.021696342226980903,0.004084849042270135,-0.03264859592155475,0.06190769427149333,-0.05575376624134881,-0.008450872396791242,-0.05708808117527004,0.017305043466185565,-0.09995102941143733,-0.05430007154590561,-0.11631072291016864,-0.07383185072707336,0.153314897997923,0.09322269320240845,-0.08675507841485965,-0.04449896345063448,-0.15945702141284518,0.021303696911989765,-0.11725268324454108,0.12332419194278739,-0.029760734603233193,-0.018787713832321695,0.04835212991063142,-0.08460194488169315,-0.006765875184647537,-0.033222006733843124,-0.05992986618186113
scrum_041,spk_3,junior,20,6.666666666666667,0,0,0,0,0,0,-0.5,0.0,1.269841269760645,0.0,0.3174603174552784,0.3037634895149368,-0.11004641416514795,0.0205777404661128,-0.1121941758287513,0.09964817897288025,-0.03898929451986089,0.044460579603799594,0.1361990694196848,-0.07550155757278658,-0.058110787817424674,-0.07312716649215344,0.027055332145064764,0.023329566889522074,0.11771262603258577,-0.041032388007461666,-0.021376236271665554,0.016145736782437747,-0.10947692789588546,-0.11073845065521933,0.13068983274754392,0.04881933781148066,0.048712072202275615,0.12793423077342259,-0.029403197271372767,-0.04170784266767669,-0.009534544592188905,0.07275589629920065,0.08125422552035041,-0.04900854068160295,-0.03444218123657067,0.07216697763443308,0.021895681587106117
scrum_041,spk_4,other,12,4.0,0,0,0,0,0,0,0.0,0.2,0.761904761856387,0.0,0.19047619047316705,0.29980724785008017,-0.11973189404197783,-0.08889647510986357,0.20985196484649948,0.1999307438292953,-0.009030152564681438,-0.25905737776210486,-0.0034485890295741575,-0.21888246680720236,-0.22199192540475912,0.10957109931348587,-0.021357826460231898,0.05287830088882504,-0.08575968968795912,-0.005285952861519478,0.034194819462831705,-0.005454782011075853,-0.011397281626567593,-0.012910513124042152,-0.16975022318738833,-0.010440286754704728,0.0820704966181237,0.12486379426552355,0.14823987647798478,-0.07345006451638338,-0.10135068711256147,-0.002868545479146818,-0.003419238273736104,-0.00032540613022277243,-0.1133594438649558,-0.03476308460799628,0.05805660460851247
scrum_042,spk_1,manager,18,4.5,0,0,0,0,1,0,0.14166666666666666,0.8,1.2631578946481994,0.0,0.3157894736786704,0.13948689109914336,0.30733703729901696,0.16025599841685048,0.0525861779651739,-0.10162506311591227,-0.01048651150655454,-0.08700660004508771,0.06618908834737991,-0.18531506030179581,0.07075775200121075,0.07626879055558367,0.22463526396335398,0.07506737998065503,0.08005027170474444,-0.009085983007197752,0.1387475513179219,-0.0871732548002764,-0.14126565478201442,0.01020788414995127,-0.06291058128549465,-0.07542608054436535,-0.0035839669079865484,0.014943392824189845,-0.14317378114471022,0.1310257726027002,-0.05689416860609913,-0.07304495264835337,-0.04124460117753843,0.011718540301418836,0.03747090146779207,0.015858788589990663,-0.04163193379274749
scrum_042,spk_4,other,12,4.0,0,0,0,0,0,0,0.0,0.2,0.8421052630987996,0.0,0.21052631578578027,0.2860004410081023,-0.19748220734179173,0.11996659798519027,0.11469665311862887,-0.0810960811634692,-0.026733364841873,0.038622824522459485,-0.08953750132484195,0.0210196375115633,-0.06001330601756127,-0.03399044530154231,0.03354368681813454,0.13978717317551004,0.1264202880399813,-0.03216643085716986,-0.024187988204465372,-0.05471543140095726,-0.05587059550337844,0.12050941885264133,0.002645126622978733,-0.004969167432482367,-0.05393465495958161,-0.03032644132185588,0.12704358046559266,-0.07363338248228365,0.1983858688988974,0.11841679579369059,-0.17296451915706523,0.15267726308064156,-0.038984262571052294,0.01351168909554494,-0.10995524744498655
scrum_042,spk_3,junior,18,6.0,0,0,0,0,1,0,-0.25,0.0,1.2631578946481994,0.0,0.3157894736786704,0.29927419885796924,-0.09819099602817145,-0.00850416503726999,-0.20384422596370394,0.08949025707776924,-0.06551537624833723,0.22706332134394147,0.24108748713242403,-0.10990972964517427,-0.11507498385190695,-0.1368261626114027,0.05763785117328775,0.02257451988648873,0.14812859627613406,-0.08431600187250607,0.07297870018915649,-0.05473299329216808,0.02857975205814401,-0.037662363506631255,0.055916262963657114,0.13269322762125593,-0.05791412270021955,-0.008654894664971984,0.019499883936157078,0.0014206239542282196,-0.020590288360696613,0.0009379311999828697,-0.01909051090112446,-0.07576829239216731,0.02607136747198446,-0.025924367408085,0.04484730586311661
scrum_042,spk_2,other,9,3.0,0,0,0,0,0,0,0.0,0.2,0.6315789473240997,0.0,0.1578947368393352,0.3082378386297703,-0.23704724612430897,0.23421230988996702,0.1268593151585365,-0.11612594427759869,-0.022797251140567056,-0.10959283200778201,-0.04878166466990274,0.0957080979149444,-0.12681369845755278,-0.04253949455038635,0.016422694700950088,0.04153825149177702,-0.16657801027953784,0.08408310635561185,0.043509761508565406,-0.02703939833771044,0.06615575195979416,-0.18119675406125765,0.1755585395138339,0.17719636650041437,0.26357749046613055,-0.10465103055841042,-0.08289227376384624,0.10318064719121076,0.056780314473601066,0.1263916013309582,-0.046976467654449246,0.09118537192029451,-0.030231379509712414,0.10586289521024689,-0.06265985681210531
scrum_043,spk_1,manager,13,4.333333333333333,0,0,0,0,0,0,0.525,0.8,1.2093023254689022,0.0,0.30232558138831805,0.2284132360968878,0.27279788160695145,0.24211277266842665,0.058920091450275054,-0.05016940032709589,0.040616944996284196,-0.02348629280553494,0.014619744808356303,-0.04568955429499787,0.062239492211937454,-0.05819157418189353,-0.022686961724765607,-0.09300221383131055,0.013324901443548958,0.008377846291071193,-0.055223901935864905,0.11673224606087897,0.011675234459005894,0.08477591560743968,0.04264440145516251,0.11662706237101943,-0.09928611551450978,-0.11980139601366695,0.050624639180890406,0.025013242779346093,0.003297093039283148,-0.022331841315708725,0.1532844602152721,0.05434751903685336,-0.04310194563906556,-0.021992357880073872,-0.10473162962475513
scrum_043,spk_3,junior,13,6.5,0,0,0,0,0,0,-0.5,0.0,1.2093023254689022,0.0,0.30232558138831805,0.07888286108697606,0.07025948825272044,-0.12862005012780753,-0.16211855744274142,-0.11182725978493166,-0.14055627603212317,-0.1458085450033135,-0.06070681569439923,-0.04516712842544587,0.019363434450834074,-0.02992728857975626,0.01498301509322216,-0.053420894693031296,0.09263850869283848,-0.08577375894522236,0.07340898340410423,-0.05721747970911108,0.15439186560956095,0.012611453144813628,0.05296943038429728,-0.15518607246088179,0.122903299919001,-0.012851551488221213,-0.13080525124584597,-0.13950797314299665,-0.01098735412275858,0.004379825734657456,-0.013171225917769784,0.09056346657299558,-0.12157858021447253,-0.05887667679284592,-0.0843668379719984
scrum_043,spk_2,other,6,6.0,0,0,1,1,0,0,0.0,0.2,0.558139534831801,3.9999999839999996,0.13953488371768524,0.05177073559885231,0.08015937622620625,-0.013332211546476291,-0.08990262874878453,0.14078419981414164,0.09872496517693688,-0.1364521112930288,-0.05983530457489647,0.15035846112017937,-0.2723442598451098,0.15337443675844725,-0.16747460006272685,-0.012688918377606488,0.2105831652728962,0.015147394676951774,0.19238569379723042,0.18647422164254476,0.2478927235574557,0.03467113037600534,0.1692654355635123,-0.11787589078091606,-0.10010627400093204,-0.14981411982397694,0.12487003572872864,0.14505773307758954,0.06303996779891645,0.12657227009016958,-0.03623289123243439,-0.17652132947233104,0.15369853801259242,0.10711059160024967,-0.044736618369833996
scrum_043,spk_4,other,11,3.6666666666666665,0,0,0,0,0,0,0.0,0.2,1.0232558138583017,0.0,0.255813953482423,0.26813928722324526,-0.19486999275286254,0.12925291918652404,0.14607508014197457,-0.14075803687710092,0.0918144302384895,0.021852031896877573,-0.03733979406521561,0.08577743876112143,-0.03610577512638747,-0.06343068612307998,-0.003981926899134175,-0.14167928753641618,-0.05945994018028991,0.003877553780439293,0.038062283695724335,-0.1090163368244644,0.11838192862209727,0.01782616529067027,-0.04166745359938268,-0.10875821063022029,-0.16799454993757218,0.0045220593674449045,-0.04186149253788018,0.02770371820311797,-0.1043251985351277,0.05382829628889357,0.13721215914358978,-0.03646955988920532,0.04084651759360947,-0.09561717722731866,-0.016696061127470924
scrum_044,spk_1,manager,15,5.0,1,0,0,0,0,0,0.0,0.7,1.1538461537573965,0.0,0.28846153845599115,0.1388823265217077,0.2871198654024212,0.13060232585905987,0.09034095335466685,-0.09632568924240767,-0.11131556897466655,-0.08058018186653325,0.14158218925275504,-0.06098690769431079,0.010135095906724057,0.1381779506354306,-0.014673638491507497,-0.04001735859262198,-0.043422373156111686,-0.12793183610159442,0.19229312378207022,0.0438239377103474,0.03367534415174947,0.07211161257778022,-0.05085640204378273,-0.017293737436830794,0.08848229443751432,0.007626938542787866,0.1096065676501556,-0.05143399811230607,0.06012575547409172,0.05785331893887339,0.012231573768681149,0.03699063309548586,-0.05207398538658792,-0.0019355791260164935,0.11094180665028479
scrum_044,spk_2,other,9,3.0,0,0,0,0,0,0,0.0,0.2,0.6923076922544379,0.0,0.17307692307359468,0.22092592666288946,-0.12948449142059526,0.11736274306141485,0.015807782620824745,-0.11516107944110864,-0.02970912942213807,-0.11594397589059686,-0.021632468041333286,0.05485157538804928,-0.05826152383768906,-0.08747964145665607,-0.017662553556225938,0.006095770409643235,-0.06332288080792586,0.030048115828776152,-0.06818261814811859,0.012434263560966831,-0.1015491497792415,0.11654403855809366,-0.08042289660245901,-0.10521450494242747,-0.074969670875238,-0.11875463214851054,-0.018062563474356575,0.06970573378861257,-0.014985208793268734,-0.03821217650043467,0.03316572956482875,-0.13188656748676328,-0.017213248960895364,0.08105024728801263,-0.0923765370799118
scrum_044,spk_3,junior,17,5.666666666666667,0,0,0,0,1,0,0.01785714285714285,0.0,1.307692307591716,0.0,0.32692307691678996,0.23936137570311133,-0.06290274253780391,-0.004591220666497585,-0.08032439225635693,-0.02932654546951847,-0.07680545766375453,0.21116435432157185,0.13050210925437583,-0.009058874564377524,-0.11150593575878945,-0.13571259970810717,0.06461518105741139,0.09617946462064661,0.007657343226637418,-0.08738811495105792,0.1677417015642007,-0.015581060892923123,0.1170744922252426,0.05682571799151678,0.031741475807351587,0.09755379926468978,-0.10477625450424302,0.023238146568362653,0.05883889158111812,0.01856169933604733,0.005811151423029158,-0.09326070840119105,-0.15490847408915298,-0.018279704095226796,-0.1535858066006418,-0.001964170267629657,0.12412030594502792
scrum_044,spk_4,other,11,3.6666666666666665,0,0,0,0,0,0,0.0,0.2,0.8461538460887574,0.0,0.2115384615343935,0.2517602124927179,-0.11301706758761783,-0.027397087855651186,0.15686583583392547,0.14494770350187836,-0.020803976675966212,-0.284800183463197,0.012011050912142683,-0.14015227296825553,-0.2272610002221571,0.09384601587453054,-0.04896614406243978,0.05750154869958051,-0.06970112824489276,-0.08095883398634077,0.07065709492413605,-0.027869711706511674,-0.09931148227185821,-0.06464355782469661,-0.16723656621033,-0.0771885950896829,0.015170817203567461,0.07203161966150842,0.14651814979601935,-0.1215433553749802,-0.15925521065499895,-0.08471873369139261,0.07547723111718367,-0.033751081384200216,-0.0006664099533579548,-0.04459620657446109,0.09558574831715289
scrum_045,spk_1,manager,20,5.0,0,0,0,0,0,0,0.125,0.8,1.4545454544396694,0.0,0.3636363636297521,0.1342240107321151,0.13622068477430258,0.13640030253166552,0.03363705751414719,-0.051703786008523676,-0.026060292940194504,-0.020800488683977658,0.08198609039387902,-0.12384133194411197,0.05687489242212921,-0.00043962762879039177,0.02792766206705599,0.029479841720114672,0.08447833945696158,-0.03494641970763651,0.04953877930733445,0.07378030236829297,0.003520525788967321,-0.038955900343977515,-0.022498788648487103,0.0009386698421613952,-0.010514689610490938,-0.005966873067596414,0.0847516587597527,0.058979002326261146,0.06610935997138573,-0.022871389132123,0.07944424369883563,-0.032681722288126006,-0.0035692892323878904,-0.041557838590966366,-0.045162484425824864
scrum_045,spk_4,other,11,3.6666666666666665,0,0,0,0,0,0,0.0,0.2,0.7999999999418181,0.0,0.19999999999636364,0.2522152099497259,-0.1736640534688337,0.1357052402706866,0.06823344456042585,-0.06664796377660191,-0.023285994100165266,-0.04527147182248528,-0.071021989910382,-0.008375549664913417,-0.117647803115807,0.017342370919031697,-0.07548085391812283,-0.04180132088287726,-0.042118617283536094,0.04309683146103357,0.0003383388269934752,0.049052495726709014,0.0022594793706088904,-0.02871801142930163,-0.02331913895503006,0.00658465797930059,0.028294244577983078,0.054216027589900254,-0.0904940807248576,-0.020086259950157507,-0.022827468995839876,0.017403568786131886,-0.05426909321574972,0.13550843277832963,-0.08520542034674011,0.006394898889003623,-0.06480494618167577
scrum_045,spk_3,junior,15,5.0,0,0,0,0,0,0,0.0,0.0,1.090909090829752,0.0,0.27272727272231406,0.23330104332227378,-0.14103984225797225,-0.010070585877706586,-0.06387397819168535,-0.047217208404051754,-0.17543817351499286,0.1322460544740685,0.24124132105680104,-0.10900362385481019,-0.11469417186926882,-0.15865983322455438,0.04074912386568538,0.175655788303277,0.21410430008008233,0.018396656614989376,0.035888512110559406,-0.11455234900067456,0.05229999707095684,0.024741740165328853,0.010137291108024228,0.08501403522289326,-0.17260855630377292,-0.044966107786854934,0.04941872857532335,-0.019222418307642705,0.17375845875177248,0.1562630672482108,-0.11608858680289917,0.1760548306683506,0.0656256845328656,-0.07406566823027182,-0.03577312301040535
scrum_045,spk_2,other,9,3.0,0,0,0,0,0,0,0.0,0.2,0.6545454544978513,0.0,0.16363636363338843,0.29664349915751087,-0.21812144276224257,0.15315957567328362,0.1608208592944975,-0.12035936454527332,-0.002788623681607294,0.03052930900090906,-0.1457090282880594,0.054928189699749316,-0.0637186611022803,0.005508732731596391,-0.006212987515217965,0.018851265483960752,0.08582449394682287,0.0004480576959443162,-0.013209384510562557,0.016293517393893175,-0.06371387529454765,0.08160007384796049,0.07381578374973398,-0.038901587952663706,0.03729816533910659,0.029645705638952746,0.03969264255786865,-0.08028942018701882,-0.008306861912849543,0.011434031292591126,-0.017805492922231964,0.020209227591937468,-0.036564155224628456,0.00304128771294218,-0.12285616838244166
scrum_046,spk_1,manager,16,5.333333333333333,1,0,0,0,1,0,0.7,0.8,1.391304347705104,0.0,0.34782608694896033,0.1032400541750535,0.24659449585928825,0.09778271676463555,0.0316735577518741,-0.1272877660052306,-0.06912170630086216,-0.08230924151572036,0.028516514872944317,-0.1474827551078895,0.0014676585482866628,0.03490804742135407,0.1319450777117685,0.040288553173655275,0.046281363527854044,-0.030942731975205858,0.21077785966424176,-0.08107663333344223,-0.02188913928169032,0.047841298867239264,-0.003552351427445423,-0.06190864676846404,0.0343217952584283,-0.01633816736536179,-0.034700035010900514,0.06645827529580034,0.08310700409580786,-0.06786863553823175,0.02356431962852404,0.055204600194054626,-0.0153359110637825,-0.026077249237886107,-0.05561972255601711
scrum_046,spk_3,junior,11,5.5,0,0,0,0,1,0,-0.25,0.0,0.956521739047259,0.0,0.23913043477741022,0.08840296827482136,0.09959041013328981,-0.027961256494205135,0.0018831226400405185,-0.1317127331272894,-0.014750475474637514,0.12332990330402296,-0.04284054691891875,-0.1510088029926353,-0.09410658069196452,0.023843324573293558,0.12638224219621744,0.047417204921747,-0.062206513335955296,-0.01920903088249018,0.1566758847011165,-0.08506270198298796,0.00516703815861935,0.02229148847355195,0.01278413549970901,-0.03727166200132286,0.0050975738342154565,-0.08029446535402565,-0.03318493196181321,-0.09031081697195283,0.029613169201748016,-0.03697282428515662,0.02680711864416224,-0.08653358149490083,0.11288332021451404,0.014497621995477376,0.053038072508057366
scrum_046,spk_2,other,7,7.0,0,0,1,1,0,0,0.0,0.2,0.608695652120983,3.9999999839999996,0.15217391304017014,0.15223966125015626,0.20624459837418274,0.001346377362365113,-0.16086099351126285,0.2696195318283137,0.18309357363337375,-0.0985340182145266,-0.1133772703953752,0.15988468567876798,-0.2332952681413088,0.013743897499220314,-0.02919758111085857,-0.0055751417742122365,0.1174970623743651,0.10011071773592768,0.10516052211569417,-0.0007773092401977983,0.10345027230288192,0.062343666366013,0.11834539253667566,0.016678721063302482,-0.06322894352016079,-0.048339016002413214,-0.04854357618946892,0.08470879975602337,0.052503370918782884,0.07368350223931579,0.08316143571791546,-0.019286640391619366,-0.04657806927117953,0.04744410587396261,0.05210751494866921
scrum_046,spk_4,other,12,4.0,0,0,0,0,0,0,0.0,0.2,1.043478260778828,0.0,0.2608695652117202,0.2624063948433299,-0.17628839787909067,0.09365907680900484,0.03945258576747389,-0.10536997936546597,-0.06087679983945388,-0.00771218477364903,0.0014489765042566,-0.03529813874924165,-0.03489351394983249,-0.0588884544948173,-0.01777411605096905,0.09586296977862893,-0.0368637215015033,0.11672709017695462,-0.006682927895677634,0.11123781906441697,0.016351709515088676,0.1400787949430179,7.726146260227408e-05,-0.026424816809383744,-0.07735011568460298,0.049252871843055955,-0.08997691107923679,0.033178256418599436,0.08092533750570498,0.07837608688019289,-0.020180654328804688,0.11046665877328118,0.09031770447109355,0.02888646883149993,-0.04631184191381209
scrum_047,spk_1,manager,16,8.0,0,0,0,0,0,0,0.08333333333333333,0.8,1.2307692306745561,0.0,0.30769230768639055,0.10305602366603663,0.1973514552112556,0.12465978145318202,0.06246753390669657,-0.025670798372864186,-0.007320021239268558,-0.12076278649922526,0.07233245736732269,-0.14975067596863587,-0.06791850088667452,0.15167323149377276,0.11049822443401515,0.05380868656747878,-0.025768206847002744,-0.06104927519425525,0.2799015904471243,-0.006135409129772212,-0.1664971212935578,0.07508767782551928,-0.07240788231208464,-0.11183594471799606,-0.03640389486693063,0.0021728938021793585,0.004328960809619548,0.10353161126280347,0.017324570310499374,-0.09472641428291247,0.0870174399072687,0.012523220189047108,0.07471041244414198,0.04612642359892201,-0.04980465867335577
scrum_047,spk_3,junior,18,6.0,0,0,0,0,0,0,0.13636363636363635,0.2,1.3846153845088758,0.0,0.34615384614718936,0.2973261126640736,-0.05394896961943897,-0.02649987295321468,-0.12797723844556097,0.21871128376578503,0.02143812509841185,-0.041607547011777414,0.15933586305499015,0.008756864866244342,-0.1246181634592293,0.18757927244868844,-0.08984992824935224,-0.05167716756220737,0.07942747055345259,-0.03513149437646932,0.08274015254518077,0.049493141181080814,-0.0007040778071837676,-0.04064351707388509,0.016388456639751105,-0.08173193124102358,0.005589835812665153,-0.05735212523045507,0.07014073501890916,0.017209791940266,0.025355747046230215,0.03679731007036434,0.0937812485892426,-0.08694282342500174,0.0013579959265060783,0.07406147769931513,0.0031889808969647283
scrum_047,spk_2,other,10,5.0,0,0,0,0,0,0,0.0,0.2,0.7692307691715976,0.0,0.19230769230399408,0.228592488114046,-0.1541157561697331,0.08907629618277509,0.08827276670761469,-0.08875396139591231,-0.026864152151875913,-0.009328077293800715,-0.08589542357180842,0.009570737413477762,-0.03546646056268087,0.025473131205827868,0.06236300533462797,0.10636254330609009,0.05055341762267852,0.0333115376353333,-0.01381131155885583,-0.04401840155361562,-0.05228547691975536,-0.00913361113898899,0.06337072876078016,0.11066939099876141,0.10479573696288054,-0.08860888793553179,0.05867173181511355,0.04163778124555118,0.10156121693516953,0.06942802713635973,-0.02168679435171241,0.14070347162538513,0.05926360594442237,0.017082483695432193,0.05113459079382267
scrum_047,spk_4,other,8,4.0,0,0,0,0,0,0,0.0,0.0,0.6153846153372781,0.0,0.15384615384319528,0.18405886434835375,-0.13336647962238085,0.030226846805987025,0.02893057784071434,-0.04630686711503245,-0.04537658950462425,0.056507407672855774,-0.009581243766854661,-0.05544209998551439,-0.012995897007122784,-0.05304287098780705,0.020101141981647395,0.10754392418323297,0.04892548339121787,0.06601782492637022,0.01801752134006933,0.1556435044875296,0.029669555273830167,0.1255538813715513,-0.044426604296109125,-0.056702121044106706,0.02795195655637102,0.07791847894212112,0.017827198578299834,-0.04958306698789188,0.09782438074327188,0.008549619394887815,-0.029101373355595022,0.08123215723703613,0.04343377976432887,0.054779704609426716,-0.06628738534260914
scrum_048,spk_1,manager,15,5.0,0,0,0,0,0,0,0.2,0.8,1.2499999998958333,0.0,0.3124999999934896,0.1536330616816209,0.18270816684339133,0.021205035152600242,-0.0770274106777256,0.038868322101910144,0.015376867240633878,-0.023989688765250733,0.013579198424216843,0.06413669576860383,0.007317344659486344,-0.18236559768614144,-0.057210381493552724,0.124667576951208,-0.010148055596357399,-0.00493519297708628,0.0680413655462982,0.015257916624756332,-0.08568477039261198,-0.00024157001114306507,-0.039725316226821086,0.000644396161699174,-0.003253402512281656,-0.026731923208062322,0.15620609879563158,0.04026798315661016,0.09158582761583853,-0.13570718602783194,0.0935909563892034,0.16428282893919824,-0.07836105490157945,-0.05448974849795723,-0.02325440615016698
scrum_048,spk_2,other,10,3.3333333333333335,0,0,0,0,0,0,0.0,0.2,0.8333333332638889,0.0,0.20833333332899306,0.32071133808894603,-0.23799684986156736,0.1726175319671531,0.13315649479300926,-0.09887877551550346,-0.010647278817914238,-0.07994140965057328,-0.04177935933949614,0.055555265435892655,-0.09080853655383893,-0.05272180126998527,0.001360242789791372,0.04119070956781488,-0.07922104354184505,-0.014504926501162594,-0.04973639198779881,-0.006064817883524618,0.12995283779158273,0.03253924941112025,-0.038243043005158406,0.005301479555506386,-0.03907985998212059,0.11926986771732609,-0.12436434261005933,0.05242223779947182,-0.08071422048135647,0.005347108323526389,0.014048322651842554,-0.08657882656480712,-0.017378200975787284,0.024682665627781934,-0.036499778222343036
scrum_048,spk_3,junior,16,8.0,0,0,0,0,0,0,0.0,0.0,1.3333333332222221,0.0,0.3333333333263889,0.33051572124160067,-0.13648759465646848,0.06253380555389669,-0.149535965042999,0.12390117381710729,-0.03747816878628163,0.12613006143308056,0.23100772772128852,-0.06553266435138824,-0.02167603419642081,-0.10981259561507653,0.06338216063496893,0.01877098421776987,0.08569891988235678,-0.05875030507908946,0.00540725500500985,-0.055259132902794654,0.06645007179355183,-0.02808683754645824,0.02038170091956975,0.056387449789138865,-0.0845810756084251,-0.04481971667839341,-0.03278272754646762,-0.08224104009537686,0.056177087923201544,-0.08479234907237819,-0.05934271679886492,-0.13151031029106386,-0.04788965274007669,-0.07974378924801971,0.07015203016948555
scrum_048,spk_4,other,7,3.5,0,0,0,0,0,0,0.0,0.2,0.5833333332847223,0.0,0.14583333333029516,0.19872039480787773,-0.14671025107258504,0.0823870686304398,0.03241426586717439,-0.03204036450028025,-0.03569583750848493,-0.023165946391535613,-0.0031248299631720096,0.0019316663844010545,-0.11938789618572121,0.010939971825155772,-0.013643540558450956,-0.059837766897148856,-0.016900298808535157,0.044004995222169316,0.046699811404211186,0.019292770007488583,-0.022978252681800728,-0.05461430724079438,-0.13489355859366509,-0.04610357902104482,0.06541481413205365,0.07312415158963388,0.045694553645117104,0.004129328960714516,-0.02483406503239982,0.05687515750235457,-0.01968024058805405,0.07255915282439653,-0.0022807086394399587,0.03573568398262014,-0.015117766824759071
scrum_049,spk_1,manager,14,7.0,0,0,0,0,0,0,0.5166666666666666,0.8,1.2727272726115701,0.0,0.3181818181745868,0.14161250246086782,0.3728783786245895,0.23953502956175032,0.11127390489257392,-0.1498783725394322,-0.03581639579439523,-3.515870125124302e-06,0.059653639386511276,-0.20659188484462848,0.11004663480062186,0.05302597742579484,-0.04367559699486024,-0.014719425017678174,0.06269772534968458,0.0037292849017820785,-0.003867039644745609,0.11316852684190867,0.13891357812102756,-0.05182599486398492,0.044246916871977224,0.0023987204498483665,-0.06537061533926196,-0.017905126393066906,0.1499413036674057,0.009817107667069523,-0.017396996171961356,-0.06388601259817148,-0.0501115363047795,-0.03233889688143376,-0.04490188398302397,0.04164440942144379,-0.022961403766116273
scrum_049,spk_3,junior,13,6.5,0,0,0,0,2,0,-0.45,0.0,1.1818181817107438,0.0,0.2954545454478306,0.033744220225816315,-0.005564363101572569,-0.05905186558972514,-0.03274047831458876,-0.036900220518618576,-0.018797189486693674,0.02479994013427295,0.062189185472332,-0.02920665441999888,-0.022851324070125082,-0.04307868868447811,-0.026688907857659778,-0.00026912413579450214,0.019761621605643178,-0.015752641317049808,0.01486749688902404,0.028027183894388494,-0.010941471878472013,-0.0013045129129049052,0.08378435784569203,-0.043488526669444624,0.06024773614139922,-0.07460575217529106,-0.03955350317872323,0.07010291523920158,-0.056277734354943536,-0.08336473580079107,-0.02394714140476572,0.05451402243480306,0.04338511988470271,-0.060286728651094544,0.049499834729427025
scrum_049,spk_4,other,8,8.0,0,0,1,1,0,0,0.0,0.2,0.7272727272066115,3.9999999839999996,0.1818181818140496,0.027791841871796678,0.08668160953257628,0.0024023788037470426,-0.029606314622227,0.06980184627979731,0.07991500027364362,-0.03793667514882153,-0.0737679765036384,0.14445303253994674,-0.18856223196157781,0.05549842286740623,-0.10657784576979044,0.00022551233755975907,0.21436460829602108,0.0724053834345271,0.04154476122585062,0.12676979983671718,0.2310996525949185,0.024787871740447123,0.1192067536512715,-0.04347407152053806,-0.02290057101141665,-0.06708220125122964,0.09057045539781138,0.12649448958433332,-0.04231937055139079,0.017635544468223026,-0.15474224452675828,-0.09642683324233231,0.2812364199686002,0.003975347470363527,0.050325782803031995
scrum_049,spk_2,other,9,3.0,0,0,0,0,0,0,0.0,0.2,0.8181818181074381,0.0,0.2045454545408058,0.34526027550058885,-0.26713428707619674,0.1702376615945255,0.18839789573541843,-0.12970415413443248,0.06685423860827787,-0.05844437692154236,-0.13834672733989126,0.02140058373322992,-0.11479291810255962,0.028496674279499326,-0.06929866226129675,0.03770278896210055,0.028377809823228878,-0.02690528374736751,0.029904780807564223,-0.07154068644720107,-0.09348021168728976,0.048347769342380824,0.031019917908411885,-0.005258065045933976,0.006934068263537892,0.07602425102318948,0.11102368567717866,-0.12174876027484008,-0.12766319147123234,0.08986685991674619,0.09592744420949412,0.00015415958621078799,-0.04467330607572211,-0.07133546855523633,-0.08729125958952687
scrum_050,spk_1,manager,8,2.0,1,0,0,0,0,0,0.5833333333333334,0.8,0.79999999992,0.0,0.199999999995,0.10698474617188272,0.2648079618521982,0.0871395326709443,0.08882064737207582,-0.0920190039675703,-0.06526199507241097,0.01229984636653653,0.13897855468988066,0.09264952781289222,0.033826332644840494,0.14829597127792865,0.031418389763978156,-0.048205248993960656,-0.08799554484991198,-0.07998082853846442,0.17622917133873547,-0.041019817318388496,-0.13415600785086504,0.21307070435513747,-0.003842266756351685,-0.05378047485086674,0.06318780470369517,-0.003744537334561095,-0.07874127569635993,0.002149356337748978,-0.04966476113931705,0.12667789685416186,-0.07685755733798666,-0.0015602939970164977,0.07277743289207642,-0.023545967487044638,-0.07725077887975774
scrum_050,spk_2,other,9,3.0,0,0,0,0,0,0,0.0,0.2,0.89999999991,0.0,0.22499999999437503,0.24742291365892954,-0.1548062436975517,0.14506894848529536,0.019771603108684865,-0.015697150450907645,0.02738083484408971,0.01483443287118812,0.01170180664203935,0.1279096513447042,0.043270812518714695,-0.06329152236678823,0.02447376765751407,0.07926888794107645,-0.16660221570498704,-0.02907409008855311,0.07718366942802335,0.01645090369913883,0.131073689969019,-0.008480486515503764,0.062445600546889704,-0.008377832014518513,-0.026449929853281824,-0.15488541745025766,0.04878362656969118,0.07175578570479196,0.07305033429765784,-0.04588849355070255,-0.13874409069906787,-0.015818945848945054,-0.1763604157173368,0.023139865303437465,0.09673224639610353
scrum_050,spk_3,junior,15,5.0,0,0,0,0,0,0,0.13636363636363635,0.0,1.49999999985,0.0,0.37499999999062505,0.2672498874292178,-0.10261813194903142,-0.046228698199113245,-0.05393967810168565,0.016480484531340038,-0.2009234252076081,0.21158874249390242,0.39112238545320854,0.038819985224365416,-0.11136259895230634,-0.1404124648328204,-0.029001805408275086,0.10075285039164761,0.19045585687266717,-0.03250325253192791,0.06513664035940768,-0.08671892188046874,0.06173842245654148,-0.1122361202290039,0.049366299798586,0.04347444783161989,-0.04390773061315065,0.04863613251589472,-0.012735013744565279,0.010880437695696634,-0.06843458150384744,-0.05616980258468058,-0.07104545948029792,-0.0634447652311969,0.008277889096495088,-0.02322218213662607,-0.0631257764318666
scrum_050,spk_4,other,8,4.0,0,0,0,0,0,0,0.0,0.2,0.79999999992,0.0,0.199999999995,0.1443780209894843,0.072803384756989,-0.009058085690385404,-0.08829167072229473,0.14145449615799338,0.1009521462379101,-0.015590225211187116,0.030720695271733645,-0.017406020188114595,0.028862236217783103,-0.07186263586114527,0.04826520417880079,0.00426402766517102,0.014168169955188268,-0.03281922667187999,-0.0973541188823969,0.020527370881021235,-0.16104496125912415,-0.0779392442861597,0.1583122005844155,0.05036747835833729,0.004893144972894384,0.054681465671502956,-0.057452722671599454,-0.041725711297230655,0.03757743922564698,0.10025372327896823,0.10560197558780016,-0.025455282136312273,-0.008300311613412813,0.017728531215582766,0.08470740941520423
scrum_051,spk_1,manager,13,6.5,0,0,0,0,0,0,0.0,0.8,1.0399999999168,0.0,0.2599999999948,0.1797209189044628,0.14160443817967033,0.11337782585051111,-0.03558610789658515,0.023734453953573795,0.02948907077655131,-0.016137347527453008,0.03667380999394121,-0.04912180520761845,0.116580124916684,-0.012925510725143695,0.08299966584529653,0.016569980641435847,0.12379898633084475,-0.043133819912338424,0.03325121251735504,0.05056996292928452,-0.08750404978899311,0.03665503180250097,-0.029909754129175636,0.029139612344055325,0.03401638813905252,-0.010305851503537371,-0.001012140021379297,0.08457738917052329,0.021082934768617275,-0.08056714996268864,0.06251423132488226,-0.036575127057478514,-0.041263755957648474,-0.07848674795397127,-0.06232424473290508
scrum_051,spk_4,other,10,3.3333333333333335,0,0,0,0,0,0,0.0,0.2,0.799999999936,0.0,0.19999999999600002,0.35260252023360056,-0.17802837063922605,0.14487759381332954,0.18091997407948784,-0.19680914813151318,-0.010010114024934538,-0.018821969159162597,-0.15564628342398035,0.1132468256579417,-0.1113070767635741,0.042415115911060654,0.2076235727486409,-0.18126550404205571,0.11330408362031966,-0.038687984576850604,0.1147129981581034,-0.03158162510783851,-0.019266947143713454,-0.009175707549382383,-0.04191871161079384,-0.06708688199799898,-0.05467341389696742,0.07850150270842324,0.07023315048283907,0.018163139954611305,-0.057633733688954004,0.055081243984098055,0.03980285355678723,0.10408873227664739,0.11293732757557422,-0.00266349878665285,0.05394443518666248
scrum_051,spk_3,junior,17,5.666666666666667,0,0,0,0,1,0,-0.05681818181818182,0.2,1.3599999998912,0.0,0.3399999999932,0.34873659967384685,-0.08191769314844542,-0.05186733159270638,-0.10777504539539279,0.04197276392613255,-0.06720433934635903,0.14652187670785172,0.1665501383137005,-0.05433739572843026,-0.09994986230263891,-0.017150011322157915,0.11239515680252472,0.03260065502321954,0.05479269554794355,-0.02055695587109762,-0.01083792495946974,0.027611368383530444,-0.10706712651278864,-0.0874767285789493,0.13818578406396315,0.14453394015045296,0.06205973410338827,0.03659027714397466,-0.011130671981782164,-0.07300155162584014,-0.04877300029116425,0.026209233272598928,0.13648795428118857,-0.13641308607735486,0.006445011592744602,0.10755910464767583,-0.051782996907415675
scrum_051,spk_2,other,10,3.3333333333333335,0,0,0,0,0,0,0.0,0.2,0.799999999936,0.0,0.19999999999600002,0.302439172923553,-0.1625636884822136,0.0644141623874548,-0.0030371153045252604,-0.1893707189265641,-0.06776213579227103,-0.2147129390686361,-0.08109029132629891,0.1423721981064805,0.07951223646062286,-0.12196442163354616,-0.019758430241890928,-0.037305393193802355,-0.02385133747018633,0.0014005751113269444,-0.03795342672436694,-0.06901483977280859,-0.058735325606687254,0.07318596618756427,-0.02903074465755744,0.015482445079670067,-0.08874153608603448,0.012151219418507013,-0.004618826694623154,0.09951191488097019,-0.08970998264307337,0.0029677327245107264,0.011174537513533976,-0.17225782937500506,-0.021235411155049982,0.019515762796636485,0.005667546977874707
scrum_052,spk_1,manager,11,5.5,0,0,0,0,0,0,0.0,0.8,1.0731707316026176,0.0,0.2682926829202856,0.15738335243969398,0.22123946978242032,0.11090381673655439,-0.014944199712375865,0.055548352932495694,0.0162282052486908,-0.009493037886578282,0.03471508864151427,-0.08025692404421637,0.06008247137293457,-0.08065493719470335,-0.0029103517384763047,0.04502989064240545,0.042473670005485666,-0.026275095507075467,-0.038830746900409975,0.07315762636186282,-0.11080565062791133,-0.1424728451907637,0.07042278398839681,0.029269473328889344,0.038495064962652634,0.06540938243376009,0.07708866151450933,0.0017605467262940655,0.0749739638439031,0.018517545858271287,0.1077123609619401,0.025875133539043534,-0.05578421473651244,0.010091838117980383,-0.0035223477662258344
scrum_052,spk_2,other,8,2.6666666666666665,0,0,0,0,0,0,0.0,0.2,0.7804878048019036,0.0,0.19512195121475315,0.2509183744962413,-0.15782692248312546,0.13684350827020506,0.07001412316581222,-0.04795650583368037,0.002452279776122346,-0.049538417670552164,-0.014408896559843582,0.01625331308692546,-0.057643829200127596,0.048138706566221094,-0.08965815730126292,-0.05001670375520143,-0.0621519761686798,0.05267339988815049,-0.04893521162971861,-0.031737617701830215,-0.0036066251033555954,-0.0175795087614059,0.013317339142283384,0.04385098224822466,0.0012648817348223625,-0.002054811241339011,-0.10244680512997643,-0.06413455121604879,-0.007063587562030229,-0.11513127766699299,-0.03930859655983425,-0.05261770319515813,-0.08990008491283147,-0.08774972401323732,-0.044402183550919
scrum_052,spk_3,junior,14,7.0,0,0,0,0,0,0,0.0,0.0,1.3658536584033314,0.0,0.341463414625818,0.2780560122205383,-0.1795960787869491,0.024789322495057945,0.0009270129363466219,-0.05788948692292532,-0.09571352338910459,0.052100882694766495,0.11038750658202977,-0.08897529852959415,-0.1042606687439989,-0.12149333596497265,0.03173070120936089,-0.024297631672587642,0.030144230172547293,0.15984210600797194,0.10864460438876589,0.10231230774071658,0.025262744419721875,0.05043765267608719,-0.050672596930708365,0.05969833640924023,0.0578352659963302,0.20452093209444322,-0.005494251365003141,-0.020956512776190296,0.03228939704732482,-0.028691896553117817,-0.05592225741355802,0.07006371442664412,-0.008499310856004746,0.07419312351809373,-0.056368949859020114
scrum_052,spk_4,other,8,4.0,0,0,0,0,0,0,0.0,0.0,0.7804878048019036,0.0,0.19512195121475315,0.2559808760917999,-0.1790974333065752,0.007834048344097028,0.13358884265285195,-0.07752280972839044,-0.01830489255649723,0.07889398933139201,-0.15351465070553091,-0.008785195236725291,-0.0774383198482289,0.10096501364403081,-0.04198562174289558,0.03992301794231738,0.1844031031307578,-0.05988246066511813,-0.010249121824754997,0.08405435023319179,-0.15378752131641318,-0.037156278756895374,-0.09497323439979827,0.10259895893185342,0.02686639538710776,0.01708411839563917,0.009044722571362731,0.03739414429663407,0.07228597687753553,0.09164741973718583,-0.07994141920706337,-0.04921798987334256,-0.01511245873536422,0.03245020041517904,-0.008754913019744251
scrum_053,spk_1,manager,12,4.0,1,0,0,0,0,0,0.0,0.8,1.3714285712718368,0.0,0.342857142847347,0.17596281249328333,0.26386726110896264,0.23868397720827095,0.0901747114146145,-0.13149251876355983,-0.0017277213295387916,0.011147035752809046,0.021918566868142496,-0.22056985371615398,0.12822397170020433,0.04911789763313654,-0.06598517459998783,-0.04487941637337547,0.08589636289723167,0.039731650263683756,-0.19074650534586174,0.10661466332982522,0.208677222601225,-0.15233730579433247,0.058602916263066504,0.002622585846637878,-0.0641323908645427,-0.021039665011606874,0.13116616809182632,-0.07713307706153287,-0.11604309040814055,-0.0011400781494048506,-0.10536840866529804,-0.09931266184642468,-0.026041733404450373,0.07289436334469737,0.038643873518774186
scrum_053,spk_3,junior,9,4.5,0,0,0,0,0,0,0.2,0.0,1.0285714284538776,0.0,0.2571428571355102,0.048142081603178344,0.0077615246739048925,-0.0846266482911019,0.003540849979390958,-0.06977760602632015,0.19816388093439707,-0.05590046564355865,0.07726905199769178,-0.01792873638545519,-0.008239304037900377,-0.13565695649090534,-0.13518104111189638,0.027247262404022417,0.009657267884406864,-0.021632958462126834,0.10461631992781965,-0.04866688892379319,0.0017642577210188353,0.08377334830137523,-0.004700789365686665,0.017347094336393996,0.061411048721144855,-0.07099715803671204,0.13039762789878853,0.07705932937698182,0.08300218577477246,-0.1678248443361168,0.08100594829443669,0.07252273087143692,-0.001449616186381689,0.004742014586981161,0.019899713106863542
scrum_053,spk_2,other,6,6.0,0,0,1,1,0,0,0.0,0.8,0.6857142856359184,3.9999999839999996,0.1714285714236735,0.13511472008020758,0.11307992318117652,-0.009832778953338046,-0.12720965349725658,0.23970629281214742,0.15023780996889052,-0.18175700442441897,-0.03803174721982193,0.049475758181006864,-0.23422693128217625,0.07584543623011077,-0.08588115330668271,0.008753959358582369,0.07407137634819756,-0.017255148357135125,0.16041752040389048,0.055565052023752184,0.01752587048132331,0.041127497976807335,0.07328815429322663,0.012314305005324499,-0.057048108548921256,-0.060220404189428776,0.07257638849602298,0.10935877658142486,0.10046767022235618,0.017799588012544162,0.16406522921201783,-0.07740811283922146,0.001030509361390221,0.059737095207540315,0.02660774287910224
scrum_053,spk_4,other,8,4.0,0,0,0,0,0,0,0.0,0.0,0.9142857141812245,0.0,0.22857142856489798,0.258403285230389,-0.13478152833400778,0.10467049981481504,-0.027489876590393928,-0.013804759185340977,-0.013579466391331323,0.014483008112142579,0.0559868566153973,-0.024712274498044185,-0.037038293538003836,-0.06256416703442848,-0.06546737987798867,-0.06455762123547025,-0.0005809205673682964,0.09795901060897458,-0.06835382491426586,0.14448112905284652,0.0019991146372410474,0.04544926048388507,-0.08759723710665977,0.018887149606694808,0.010278160587547863,-0.081032262686196,-0.015797526020788297,-0.022292956365888086,-0.08876985799854505,-0.05621266800152408,0.0008706485852302997,0.036687285724889114,0.01130602850172299,-0.02405498895441008,-0.02257472711154396
scrum_054,spk_1,manager,11,5.5,0,0,0,0,0,0,0.0,0.8,1.0476190475192744,0.0,0.2619047618985261,0.09246094753542307,0.2084312178193822,0.1345237895371311,0.09125666038494282,-0.03877251998743935,-0.010069027221275194,-0.12071044350529729,0.07059750921418434,-0.18367547951667595,-0.01632123656259817,0.11912824589898571,0.15199809906026088,0.0361672877802582,-0.00027507779476940815,-0.07914274687284999,0.2943309158297674,-0.02846621539160276,-0.14859960653403245,0.048231212524538,-0.05253668461975223,-0.04283223117545456,-0.013289157314497563,0.02336360385838764,0.03162014793136846,0.1401029565108353,0.042640207978001846,-0.0965017607210733,0.09808308602209388,0.05292657354269797,0.09095131050913673,0.03696215220756745,0.009640971002651837
scrum_054,spk_4,other,6,3.0,0,0,0,0,0,0,0.0,0.2,0.5714285713741497,0.0,0.14285714285374151,0.15746002008599874,-0.07916224401110365,0.001616311737903474,0.06087099288594984,-0.036109820414030304,0.05883786003303833,0.044681154247556386,-0.1015609631304482,-0.04823073716582839,-0.0477048987151114,0.09639540288611093,0.08574503360707829,0.04783268592347322,0.08008308454648275,0.05527541389632771,-0.09462326426281431,-0.031449616427031944,-0.07574517140198807,0.11714383496944968,-0.013125229768239807,-0.0341487155791606,0.10840530453880648,0.0003406760495301368,0.16308230586473701,-0.05222445761653381,0.12520078295117165,0.03278040017229633,-0.12990688005897516,0.030910009125583067,-0.054713955786018155,-0.0561951404121623,-0.07997826897186142
scrum_054,spk_3,junior,17,5.666666666666667,0,0,0,0,0,0,0.0,0.0,1.619047618893424,0.0,0.4047619047522676,0.32074018860133696,-0.03899461702309995,-0.026344113776517342,-0.2554277022055959,0.21033540876403164,0.012686980390663235,-0.12767977362532754,0.005847575930028408,-0.07790197130743028,-0.10955159938522253,0.1330813335379642,-0.15793561794792554,-0.1100427977900609,0.00126340110188377,-0.07944583918513656,0.065105610019972,0.1207467048508656,0.06567319661169387,-0.019379838105855706,-0.07482698084230971,-0.0902534202290371,0.019969811845592385,0.003134282344366262,0.014505936767840077,0.019641826137265964,0.011843661142846426,0.06826898625248087,0.05974138314217037,0.06742567554523261,-0.02917503273441652,-0.00628444164128064,-0.07392653745933148
scrum_054,spk_2,other,8,4.0,0,0,0,0,0,0,0.0,0.2,0.7619047618321996,0.0,0.19047619047165534,0.23002853911302418,-0.1948402475484549,0.1424094251718251,0.08543813815182037,-0.08331737561634288,-0.025119411198623518,-0.08181175127442353,-0.029368554752773002,0.07577999402557226,-0.09633530829787493,-0.04426744805398512,0.047423785521070565,0.04778043065567714,-0.17412949387926888,0.07695586148297547,0.08463543498762498,-0.032174451156749544,0.08839677457974758,-0.20781328470549862,0.14832924519396104,0.20208191059004726,0.30261135853958804,-0.0961840989688394,-0.04336983309809975,0.08806705351973382,0.06094585497112946,0.13644418184781926,-0.07644880526998096,0.08028317089732723,0.001614586000815414,0.0736796062463623,-0.01479665363142596
scrum_055,spk_1,manager,10,5.0,1,0,0,0,0,0,0.3333333333333333,0.8,1.0256410255358317,0.0,0.2564102564036818,0.1582947019089948,0.20483130419184314,0.2612355570402418,0.13282085002547067,-0.1766133057505581,-0.000626280999817944,-0.06684691377569656,0.010651529503887357,-0.12194783398231333,0.04927233661774417,0.05519505197883755,0.10078296435517214,0.019049113960083467,0.007177248631516342,-0.009206753006074648,0.11198319933774922,-0.028098797263932555,-0.04148267474212784,0.021470694016512963,0.060052702784810945,-0.061428468560735264,-0.08714641161314503,-0.055733331824981254,-0.06981658481869006,0.08208376474412624,-0.03968389652662094,-0.054766582748270974,-0.004580197040614406,0.004602539314422132,0.023246575484008835,0.07495078752673143,-0.08751901265665225
scrum_055,spk_3,junior,13,6.5,0,0,0,0,1,0,-0.25,0.0,1.333333333196581,0.0,0.3333333333247864,0.10701078153159241,0.06694418815440852,-0.17814907974327662,-0.17249112103934958,-0.17272281293196967,-0.10460383650442574,-0.024930032133908556,-0.15384291022876223,-0.0826999272702003,-0.0424244831986864,-0.07326962565970944,-0.010966507558541116,-0.11655745312344673,-0.07872088013202842,-0.0948400228050038,0.029913309752570755,-0.03540877061382777,0.006101259034677516,0.0375885945505801,0.05806085617513297,0.0766404307629961,-0.10388339998809959,-0.010021994759965968,-0.01304361948094286,-0.09689362543938264,-0.0051700962342646735,0.042513965696015336,-0.034586424231972036,-0.020674325735364384,0.13401586282922634,0.028467461711704577,-0.015949731549205006
scrum_055,spk_4,other,8,8.0,0,0,0,0,0,0,0.0,0.2,0.8205128204286654,0.0,0.20512820512294544,0.0628304279643875,0.02155533135784298,-0.08655093957268085,-0.1256337549863092,-0.07239765382016726,-0.028851321017481012,-0.11397346736485303,-0.08879630938422522,-0.05556599341712276,0.026723352484998304,-0.005939484103550422,-0.06433497437098847,-0.052168524567902934,0.015497329678511817,-0.03688765370255574,-0.04890444611261191,-0.09893354967412857,0.09557960972237198,0.048709597737284754,0.005220652869524884,-0.0003647768265648815,0.06552178581674147,-0.008232624356159323,-0.0746948996032414,0.027949514555074252,0.01308849997704722,-0.038986803381171366,-0.0580635657002484,0.03905806195148466,0.09045262463556372,-0.08502969492309632,-0.06152663061325706
scrum_055,spk_2,other,8,4.0,0,0,0,0,0,0,0.0,0.2,0.8205128204286654,0.0,0.20512820512294544,0.20829773496918969,-0.1238322110362962,0.04380583019852135,0.011066053327618581,0.005024702203291075,-0.008968230506218748,0.07601802003095964,0.014470933358425184,0.0707119573862382,0.08077503416945282,-0.04876794920447802,0.02469804944053411,0.1236634969193934,-0.0025395679524612036,-0.01152064799891885,0.08651603124387876,0.10162785289686163,0.14912229944043584,0.09572285579776278,-0.09846686894523148,-0.09327863873959151,0.01666647144612008,-0.016299438941779112,0.01456515440890025,-0.026692574498792514,0.051012991359857394,-0.12985011305834146,-0.08097056806745083,0.044802096135096545,-0.03428225457518093,0.05372351394726495,0.02059635639709441
scrum_056,spk_1,manager,13,3.25,1,0,0,0,0,0,0.0,0.8,1.1304347825103969,0.0,0.28260869564603025,0.16398013800027045,0.3249471706879029,0.1926889124298753,0.035781483699666966,-0.04634962883880437,0.015816547003115813,-0.04110953190437321,0.0752510561252296,-0.1338306057112161,0.04180641255797858,0.04205953839239687,0.08731670185219104,-0.014377661549671232,0.035973088800191205,-0.0423838089218053,0.09291502030717529,0.06372317139160381,-0.01225875660586589,0.01148948184514885,0.011400967725294349,0.06351635789355405,-0.07198508483884433,-0.04199967306869132,0.07925161621475238,0.0683593067597003,0.039284487833677384,-0.016413134180389147,0.10476972607866594,0.05462724966942112,0.024229415993802298,-0.020459159973468526,-0.04401545218225004
scrum_056,spk_2,other,10,3.3333333333333335,0,0,0,0,0,0,0.0,0.2,0.8695652173156899,0.0,0.2173913043431002,0.3891336663472101,-0.2453395039646285,0.24440576084398624,0.0720737759430524,-0.09275330801478805,0.012457825198958383,-0.02303656252384899,0.014496755700316182,0.03650739350476952,-0.0816999560902207,-0.009842280524337523,-0.04201812922941169,-0.00110998031163428,-0.03551628416862906,0.03366371185660981,-0.08985982468546617,-0.027464331039391228,0.06161599366687598,0.05780198295023853,0.019249650738152907,-0.0140638723149932,-0.023100224965183967,-0.03549652518601195,-0.11762540258854659,-0.03784321704464079,-0.01990893622111214,-0.08053589017245037,-0.049760055679783116,-0.0986743991982718,-0.07630459065339061,-0.030102054269173315,-0.03931321983720336
scrum_056,spk_3,junior,15,5.0,0,0,0,0,1,0,-0.13181818181818183,0.0,1.304347825973535,0.0,0.3260869565146503,0.21490009913136224,-0.11132635359821187,-0.02865664664548769,-0.04474910337063262,0.018881834448879385,-0.16898675312417671,0.1639201704883617,0.3641738879712545,-0.016251746405980764,-0.09367635114152964,-0.10147912086766925,0.03428047871809461,0.0726108284160474,0.1820250688684953,-0.008550191556355967,0.07863347115398026,-0.06065829786320619,0.07610693290847383,-0.040309709506948656,0.06153103760014769,0.09043852111360833,-0.04555569195599191,0.0027979337940333285,-0.00416849593675208,-0.020353453798934867,-0.07142008371664778,-0.050007445763016786,-0.053886407698546954,-0.061462338693916235,0.030900207734757695,-0.02953799280875107,-0.050845603366265195
scrum_056,spk_4,other,8,4.0,0,0,0,0,0,0,0.0,0.0,0.695652173852552,0.0,0.17391304347448017,0.17591459895546463,-0.08666943901070451,0.0776243016330885,-0.023280150093854226,-0.004955108523527442,-0.012648609685929773,0.0074522574591950825,0.033161237391111494,-0.005135982914386346,-0.023411454386884255,-0.0409179199048141,-0.02627899565970249,-0.04425531570650277,-0.005161458378428747,0.08577995304465019,-0.06237857877879251,0.11277215153875579,-0.007402535367246738,0.017145529580229357,-0.11434465381957234,-0.023411018182846757,0.0033793662424242595,-0.08187581885621248,-0.01892965495761833,-0.015641641981077998,-0.12129551941117014,-0.007670368282733541,-0.016226416180221002,-0.009804337047017678,-0.008956609482552998,0.02556195236742237,0.028259609674777343
scrum_057,spk_1,manager,13,6.5,1,0,0,0,0,0,0.0,0.8,1.0833333332430555,0.0,0.270833333327691,0.07248120593784854,0.20176735299057696,0.07798185296089204,0.046237258581220464,-0.06267369120274006,-0.0030863188621445548,-0.019426273183666166,0.03800217453367624,-0.0023743521902210665,-0.0692687320041888,0.14376948786762753,-0.13702799602103707,-0.018266397164605628,0.08223349564620994,0.035816515593129414,0.02731653467765616,0.1550288542271507,0.1692941598699181,-0.016862641850267288,0.09872466510954148,-0.0713309519055216,-0.1343183180515458,-0.014958515605168586,0.14363571028942523,-0.020701248659811947,-0.010130291884452735,0.021506981515347648,-0.15543950912905402,-0.13594164187843508,0.08201938963805741,0.043325987914089995,-0.032903084329201616
scrum_057,spk_4,other,12,6.0,0,0,0,0,1,0,-0.004545454545454551,0.8,0.9999999999166667,0.0,0.2499999999947917,0.05356418379569935,0.005207411966092814,-0.07774534295105985,0.03696763987468073,-0.008890459329583518,-0.04448687791021334,0.012493262683600957,0.13330030934044035,0.06063356638962969,-0.004487551685169306,0.1603126824921694,-0.054346742540675334,0.011336494038354723,-0.028228624695830682,0.075435272959935,-0.007373446945610586,-0.015918424797105465,-0.056376951020112115,0.025925007883805137,0.04918109573387124,-0.025510555299670622,-0.11262455211162256,-0.0008288064957079814,-0.007526174162088089,-0.054041597284734094,0.016656993288740006,-0.08566999139417639,-0.07782653940786258,-0.06119482251912634,0.014951561175016915,0.02266857319816767,-0.04399914287444348
scrum_057,spk_3,junior,14,7.0,0,0,0,0,1,0,0.0,0.0,1.1666666665694445,0.0,0.2916666666605903,0.08757066634418548,0.05226453206094051,-0.22709524920737215,-0.028292210226240438,-0.14491947538216413,0.19370372172693087,-0.2226788482257377,0.18244499088898497,-0.03582911191890821,-0.12424427514357314,0.23774274102339704,0.08513875823680826,0.07752073604554648,-0.03471154567012067,0.07056346140013732,-0.15605218990708822,0.11865296755906053,-0.03327003374925198,-0.04313753019825553,-0.027185910939236977,-0.025337826820234964,-0.09027057630332376,0.043204845350334614,0.11106812551497121,0.00492142231256302,0.029298450098453412,0.025203033721653403,-0.1417869151933402,0.06564059720009258,-0.18867335983599168,-0.02747975392664863,-0.026708862388300832
scrum_057,spk_2,other,9,4.5,0,0,0,0,0,0,0.025,0.2,0.7499999999375,0.0,0.18749999999609376,0.23130075879599404,-0.149277398912337,-0.0351323354446594,0.008355062931904009,-0.10537025700646208,-0.13797213296061023,-0.039815347062329344,-0.016401119577168964,0.009874040971789053,0.045011477965103644,0.11563779967942886,-0.02062616479626708,0.14095251639314693,-0.0014434827737876783,0.04075499306980048,-0.06133015401382421,-0.06447651608741867,0.06451569044051282,0.08039862017102205,-0.08512252859959572,0.09827593166593641,-0.08993129958882813,0.11541237257023115,0.02118371073985814,0.21559136005337246,0.13250405328278936,0.049225831025955166,0.016124554508977814,0.038373641588373864,0.13138662199134096,0.02504072482316158,0.06895626191328426
scrum_058,spk_1,manager,15,7.5,0,0,0,0,0,0,0.25,0.8,1.3953488370795024,0.0,0.34883720929421314,0.15134923869693306,0.1304671836840929,0.09910454568847032,0.014704714050223212,-0.026500465634616478,-0.06397423226211925,-0.023659299536079485,0.1318788185351379,0.07754764663685733,0.07670695951343269,-0.028178598736848626,0.01991849427469773,0.0039209885035369745,-0.014801883691662968,-0.10635872048553403,0.16070159585873994,0.02488546768439135,-0.08362972686241604,0.17622522003641442,-0.07583141752953053,-0.00818979295041995,0.06015847178633279,-0.009580083390327704,0.056774329288656986,0.07611950151382653,0.07901108989518472,0.011779513250703968,-0.036744496668001204,-0.015866478669785616,-0.0759795245162296,-0.06774765815148952,-0.0002733026221679503
scrum_058,spk_4,other,8,4.0,0,0,0,0,0,0,0.0,0.0,0.7441860464424013,0.0,0.18604651162358032,0.16474754000603337,-0.12390899360894064,0.052596624629695686,0.0008062146579895388,-0.006184957749690144,-0.0083523086313648,-0.021056927496529425,0.004576179438429706,-0.006429620092905669,-0.05388907915828883,0.06060464655103373,-0.019096890091299883,0.023213329849698868,-0.022263714404385106,-0.049899985360115126,-0.009824754356037248,-0.026472584887826004,-0.018224586395524316,-0.04165158889336133,-0.018178308247082088,-0.045814118155867896,-0.024551626869721607,0.015385611963899062,0.07034292238513597,-0.03734574295039555,-0.06332917271146733,0.051268457724194604,0.092028499175536,0.010904489761850216,-0.004639317412887687,-0.04254507175550865,0.02291513242867305
scrum_058,spk_2,other,7,3.5,0,0,0,0,0,0,-0.5,0.0,0.6511627906371011,0.0,0.16279069767063278,0.14025168843212243,-0.0687363302504889,0.05990786225941505,0.009383877264025557,0.017325326170969834,-0.005294758989565156,-0.02211425377135646,0.021075264079987492,-0.045717851750855854,-0.017909309846439788,0.008180668783542995,-0.030986699836881505,-0.019523198186646128,0.017019370632762362,0.019452098704671756,-0.037990471352661155,0.05151345296057138,0.08401780261445245,-0.008128403448015619,-0.01447137718631633,-0.03857426902558553,-0.004055562933313354,-0.047898959074943605,0.025305845663201782,-0.01733729315444736,-0.10616642805733786,0.03329577239290288,-0.02844348988815617,-0.05840240518798243,-0.0018242838298529963,0.00901640116854366,0.013876802550280684
scrum_058,spk_3,junior,13,4.333333333333333,0,0,0,0,0,0,-0.39,0.0,1.2093023254689022,0.0,0.30232558138831805,0.2109605993489659,-0.10290956898510745,0.014945020281596761,-0.07995055596154994,-0.005067879289446916,-0.1789046620369287,0.1528323359068848,0.3027699272834307,-0.04802343612924687,-0.08595817373620329,-0.17973711967675016,0.004097138874935868,0.1180951795989785,0.20929733366625017,-0.027315568857157656,0.11062408135537301,-0.08183002372326936,0.12217190016641358,-0.019838613240883977,-0.002649857507046776,0.08848607559255327,-0.0884720670249075,0.04432834409789954,-0.007624134780558743,0.019006928414896627,-0.03280873912634014,-0.00938249185455713,-0.11009113435063629,-0.028193275494173903,-0.06058933927568622,-0.06879336301460233,0.009134788627266507
scrum_059,spk_1,manager,13,6.5,0,0,0,0,0,0,0.06818181818181818,0.8,1.1555555554528394,0.0,0.28888888888246916,0.1988814015908997,0.2883500977840552,0.15439023301915203,0.09976032165090534,0.08720412110765577,0.0752358985566827,-0.1095159592451595,-0.050864303004095925,-0.11039035421969311,0.05795277896174443,-0.0437343870006088,0.09139453771315512,0.03882772083486245,0.007626680600695637,0.04000587322235067,-0.06663720713096004,-0.016786886380276013,0.06165671171950905,-0.11405791481386723,0.10391769583635338,0.1744785828549056,0.0665929623456877,-0.0725583743582161,0.05561431558724918,-0.013708903575697998,-0.08777381896236897,-0.05181877580186214,-0.03215782425101715,0.051523319733443824,-0.017963304980525143,0.04934744280553416,0.08847827259537835
scrum_059,spk_2,other,12,4.0,0,0,0,0,0,0,0.13636363636363635,0.2,1.0666666665718518,0.0,0.26666666666074074,0.2352198021818391,-0.11314434783877958,-0.027363938662258034,0.10184448534760937,0.02221880792820581,-0.05353035881266755,-0.11417024078636509,0.046466283366697475,0.13686043895080222,0.13161557910657753,0.05828481250101304,0.09549591625199165,0.07794886212201253,-0.16112349945850876,-0.010224880776583695,0.13663749078938098,0.012285980352924764,0.10416880411125515,-0.15929681650548047,0.07983070111484512,0.14702017054190905,0.09897127243113675,-0.036212846178035225,-0.031906298914659466,-0.027118829783167386,-0.022361171071341432,-0.08209788239098766,-0.05154136256770659,-0.07800872861911397,0.07511617305196001,-0.021742967042960398,0.062328753687057384
scrum_059,spk_3,junior,12,6.0,0,0,0,0,1,0,-0.25,0.0,1.0666666665718518,0.0,0.26666666666074074,0.07031416864237452,0.03977316252752164,-0.17068790542106546,0.15476308214235462,0.06734084689236158,-0.03584889362556034,0.09897199993672083,-0.09552151451530998,-0.0714114773813483,-0.05439044086811595,-0.09736963087748396,0.10927464704224701,0.014876591733643774,-0.011616860180328679,-0.09733857959367269,0.02643651710393197,0.04269350418715033,0.03311393031313168,0.04753636516380366,0.014417847529915937,0.10158781300308534,0.0009482944157322391,-0.024726149524553553,0.09848114404604104,-0.034019926328683676,-0.1127274063154886,0.07375114864495505,-0.05974358691878466,-0.01164726681597993,-0.04697199286408225,-0.07520158127318499,-0.0357789337419409
scrum_059,spk_4,other,8,4.0,0,0,0,0,0,0,0.0,0.0,0.7111111110479013,0.0,0.17777777777382717,0.16950732488283043,-0.11073470255031014,0.04866027046205751,0.023083348518112466,-0.0041830580429764175,-0.012465670547867371,0.00561644351852291,-0.014124155797805784,0.017210754020167984,-0.09185998116637427,0.017876386342156776,0.035600809697030535,-0.10732559275525173,-0.0029615557172538586,0.04822348499757451,0.04727313971160495,0.03975864346665265,-0.03058370044825087,-0.06609234512761367,-0.1383607160935098,-0.0736147786101845,0.07650120834309643,0.03762974884360064,0.0328465969753969,0.016101225523878108,-0.0959052522699668,0.0055288234782973796,-0.036839923609834305,0.05153992073576884,0.009238389352717851,0.041689785089512266,-0.003095463202192036
scrum_060,spk_1,manager,16,5.333333333333333,0,0,0,0,0,0,0.175,0.8,1.391304347705104,0.0,0.34782608694896033,0.15873529269081277,0.1987998296177569,-0.03416392139846966,-0.0047017668359540885,0.23073896760110654,0.07638906564139693,-0.15738710492905053,-0.0647402568306196,0.014079242136386554,-0.06679672870894202,-0.09610053636937249,0.12231075544565442,0.03245325128173341,0.01664482888088968,-0.030278188980270213,0.01478653412196814,-0.09683471528961204,-0.04257013670640497,0.01962645886934971,0.007046534182478578,0.027107749837904087,0.032089614740390224,0.07293955093616321,-0.11235312300621923,-0.05736453700961559,-0.0634885176927966,-0.0876451585039671,0.006135729356170391,0.08695432887381312,-0.08043339967130884,0.02260144714749859,0.039063727073185305
scrum_060,spk_4,other,8,4.0,0,0,0,0,0,0,0.0,0.2,0.695652173852552,0.0,0.17391304347448017,0.25193371781326035,-0.20950116066406063,0.08558545446453171,0.07632407198243303,-0.09807239599133936,-0.02395889013611305,-0.10955377550247546,-0.0223413164536036,0.05866316165978822,-0.07244120468212048,-0.0474790239991296,0.0501128309660938,-0.01421925054752657,-0.047564625814130526,-0.023554316800143884,0.018018245573241134,-0.028601144058129014,0.030359231897053772,-0.020397694258428606,-0.011627681746845989,-0.039829601685376526,-0.0161917424829813,0.18157677131049033,0.0471852177221857,0.009836882131687296,-0.023260417346067156,0.04835800921270096,0.038015812637268324,-0.022755249516976796,0.05518752292814208,-0.051047990281838554,0.023945842665130265
scrum_060,spk_2,other,8,4.0,0,0,0,0,0,0,0.0,0.2,0.695652173852552,0.0,0.17391304347448017,0.18018321538270662,-0.12971440690534405,0.06385150805926904,0.027779805582261112,-0.07389877278413803,-0.06773901586445771,-0.051196492361424796,0.03884913190765815,-0.020331182797742042,-0.09290911128901819,-0.010971699174070204,-0.010659476316602084,0.09541197092867484,-0.028603197254283962,0.06443657042394921,-0.003885397384989714,0.027625753500854888,-0.050994912221926876,0.06061199149711049,-0.08116551490562941,-0.04067550803419878,-0.04968532693910387,-0.042743472151818805,0.008704741064208243,0.10164895070317106,0.09475006320759774,0.009277820868675322,0.01643973665507232,0.05581422553171611,0.06047448368633667,0.00781510583437484,-0.051030452804183994
scrum_060,spk_3,junior,14,4.666666666666667,0,0,0,0,0,0,0.0,0.2,1.217391304241966,0.0,0.3043478260803403,0.2180894122661064,-0.14399131150425962,0.006016782069165495,-0.028289795309780888,-0.03579940566707684,-0.0832143300057646,-0.0019104236861860688,-0.01041799325096804,-0.0378636273522258,0.0883694394107016,-0.03807104863030071,-0.00941614110864661,0.11454543815189822,0.02567727107260088,0.11481037400409003,0.008080839304986657,0.14580837606715832,0.14041137450283298,0.12535141295220084,-0.14324196094159578,-0.043198434491463225,0.033828061969625366,0.16766081201727354,-0.1127878488202153,0.09406689165852637,-0.15074021540153337,0.10803673019182353,0.06524434605064255,-0.060551743708849116,-0.03048979131467487,0.03334733400496827,0.058582528941331
scrum_061,spk_1,other,5,2.5,1,0,0,0,0,0,0.0,0.2,0.35714285711734695,0.0,0.11904761904478459,0.07469211200711286,0.20242174025388718,0.01104033789848696,0.0602177646313553,-0.05077176201944566,-0.1481044063269438,0.027911113806343466,0.21665691633581816,0.33295681301175617,0.012321208950960073,0.09319193162194062,-0.13298517985068306,-0.13923951202453405,-0.14276619486913864,-0.143504501295309,0.10382608674736259,0.025641135871515924,-0.10938596028933883,0.35938874019348227,-0.05217172991535665,0.09326731554443174,0.2138079424585198,0.021685752378664637,0.014688143988423217,-0.14248183067051223,0.015015842471928654,0.1914049524851106,-0.12697491020079288,-0.023138912197511644,0.05317561750563789,-0.023811081854071596,0.14991600307188283
scrum_061,spk_2,other,18,9.0,0,0,0,0,0,0,0.1,0.0,1.285714285622449,0.0,0.42857142856122454,0.23517674224239374,-0.048165623133662974,-0.0440748669175166,-0.18637730850022718,0.0717915102130809,-0.053311820266817085,-0.012888281502376576,-0.07838629465895736,-0.10904062337354524,0.14656408605335133,0.07737280524076386,-0.13211199249421512,0.053290501051455504,-0.07359803461355151,0.02767903695437202,-0.031617314540360736,-0.08332567191501931,-0.0444440962368252,0.007872928691919455,0.12419508253545161,0.032743211076566366,0.02606438289479516,0.08605168479767403,0.06300843728486047,0.06653835574967701,-0.06957818040771738,0.13407147103933015,-0.020356254168508014,0.13503837259397733,0.15806566877990766,0.10634583799310643,-0.06000390625938224
scrum_061,spk_3,other,19,9.5,0,0,0,0,0,0,0.13636363636363635,0.0,1.3571428570459183,0.0,0.45238095237018144,0.09041988850929425,0.012432381332519995,-0.10506246602600407,0.014964465874994068,-0.036104765373907416,-0.07499886693789458,0.027672229808591013,0.10039096927533592,0.0396836800065148,-0.014611585924287596,0.1399825307710705,-0.1117950532364738,-0.13085969834430325,-0.042938802026306185,0.1664816883863869,0.015118309169206373,-0.009233798426319502,-0.08002880629546405,0.04403646426491098,0.09953915417905529,0.08776829001003247,-0.17941806802542637,0.1294972542349101,-0.014075918115275721,-0.09990271035959235,0.03448712816798371,-0.15250679365711484,-0.16778302136569173,0.0662111331553878,-0.020449499103731467,0.013361779443741669,-0.04265510996132913
scrum_062,spk_1,manager,21,5.25,1,0,0,0,0,0,0.4666666666666667,0.8,1.105263157836565,0.0,0.36842105262511543,0.2002624277670273,0.25407468801857414,0.13323826861971885,0.04236154218381966,-0.05174908990541393,0.012434143024945566,-0.029627764610740036,-0.01534243348253254,0.03107548418325907,0.01008949435526994,-0.01572977428698457,0.12273682069431867,0.03946838589044616,-4.9183494226384556e-05,0.009641458597119266,0.0016077085632928,-0.07145863348033568,-0.10903347615333292,-0.04947832773755198,-0.04271600199728905,-0.09860260602422184,-0.06486699006984582,0.036616672677231905,-0.2433421661954431,0.09101269261830028,-0.08853684341965422,0.013093410508442888,-0.03006339768391858,0.008227838968328693,0.018738508638274143,0.009699496938791788,-0.08512867874276041
scrum_062,spk_2,other,10,5.0,0,0,0,0,0,0,0.0,0.2,0.5263157894459833,0.0,0.17543859648815022,0.09483915400401564,-0.009655442228604316,-0.15719917774937245,0.309862740979753,0.14207648208863077,-0.0017100170222875434,-0.03888638715711295,-0.143233694320322,-0.020535292171485624,0.003081944001756566,-0.05065233738246866,0.15317927975897572,-0.023962394656846915,0.11600501460371121,-0.12715958096645805,-0.03536144530303235,0.005345808515495911,-0.008701050103361554,0.05707519986080461,0.0324534467125957,-0.020126921653749102,0.05271748826534308,0.009098536897958896,0.15283941110080115,-0.02579366828742003,-0.2023008086996699,0.056210412203615,-0.18302050823707958,-0.030907478408964312,0.08516700009233757,-0.1979932295201404,-0.13971864774775927
scrum_062,spk_3,junior,26,13.0,0,0,0,0,2,0,-0.125,0.0,1.3684210525595568,0.0,0.4561403508691905,0.09912152943721854,0.04746313985898526,-0.24380082113737184,-0.058696977583195774,-0.15413335076560233,0.05260410786704588,0.09284315262633194,-0.06864586128554963,-0.09244774681166207,-0.19857216578901976,0.18452906813679162,0.17945845892465456,0.12647596174133574,-0.08270698357077619,0.13220536163903165,-0.12608617477665288,0.02223825114001672,0.03514460506711836,0.07775228308073302,-0.00510204428654557,0.14867522546074904,0.08003484041128625,-0.03207579476483752,0.12125954087804527,-0.038071204767605754,0.06870342397977272,-0.013043760192547648,0.07187840745258028,-0.16057694335402484,-0.09166925090858807,0.09761620268429029,-0.06981637561337464
scrum_063,spk_1,other,13,6.5,0,0,0,0,0,0,0.0,0.0,0.8124999999492187,0.0,0.4062499999873047,0.315176135953856,-0.06923305075596412,0.050470554068803096,-0.21856553892524627,0.18847602629631896,0.13720130705451508,0.06305673108093149,0.05931974372017268,-0.06570297918601976,0.06244426111794927,0.07090196981027262,0.12009130680647934,-0.08177722443541983,-0.09177492823308558,0.11326266281719306,-0.2063228590916375,-0.004455101101824007,-0.06789947922641762,0.10390031417429908,-0.2190819402394159,-0.006829352462449659,0.13003867464328442,-0.061515543373301805,0.1249947737728619,0.025495150777329462,0.04847239708265078,0.08912114387529661,-0.1113506661142935,-0.11536318328734546,-0.02660893006835359,-0.0218225873505946,-0.04216192984309919
scrum_063,spk_2,other,19,9.5,0,0,0,0,1,0,-0.25,0.0,1.1874999999257811,0.0,0.5937499999814454,0.08243994385290346,0.03971606638266577,-0.15195295267526798,-0.15871149709880178,-0.14298913808993913,-0.16410569957285326,-0.16986619445546716,-0.04719562638276546,-0.039462336670888616,0.013347171793661166,-0.17855328676333346,-0.05159730316590547,-0.0757153916194986,-0.020874157944605422,-0.06841916827556997,0.013564430265263673,-0.07713580136591658,-0.011780100966222595,0.044224665730445596,0.04013678866730541,-0.060454005011729615,0.012225306305525672,-0.10521925978570518,0.009606282428162723,0.03157191442756617,-0.029628545640458828,-0.10493561097632863,-0.07319190518851533,0.0019114226069086848,-0.02271133388170357,0.009707660012334437,-0.023359685336111467
scrum_064,spk_1,manager,19,4.75,0,0,0,0,0,0,0.0,0.8,1.2881355931330079,0.0,0.3220338982996266,0.17660419993773,0.2164695426144199,0.08982427163684324,0.036139577784626044,-0.002051741030939939,-0.03961188007638605,0.04673262667510802,0.08664335100067186,0.06568996049391128,0.03999343881101913,-0.02194673925338126,-0.08469480943858963,-0.1012312041798029,-0.05126432288764963,-0.09965024155646879,-0.06388926526137734,0.05175013695135336,-0.0043277035354749305,0.043669529900637404,-0.05480998744756182,0.0846384121378336,0.11794020710166687,-0.0008626560774084604,0.06485378898518607,-0.09687922893900935,0.07695561860456131,0.10492530545648551,0.0711341726407227,-0.03364724618504797,0.00818374663646191,-0.014908292224171612,0.08261776096736657
scrum_064,spk_2,other,10,5.0,0,0,0,0,0,0,-0.2,0.0,0.6779661016489514,0.0,0.16949152542085608,0.0571781856877553,-0.010171536067540309,-0.07731037342588552,0.00448940215236108,-0.07734638999915705,0.009015550027519319,-0.0608729209953525,-0.014628728019137975,0.04591415501339289,0.11063870669503076,-0.01589069783905951,0.021529469416234716,-0.14292521356665916,-0.027620948425153755,0.05924307204248584,-0.007450768191052735,-0.02862785301659572,0.056674138006271815,-0.00015737912763922062,0.06499752388259233,0.03748487705522476,0.0450766112785882,0.20894690913782096,0.1330968433988943,0.07021298037116434,0.09579487958638852,-0.09003337224261575,0.09303957593764904,-0.03583954724177816,0.04837840027885989,-0.033587959985276014,0.09362316433900977
scrum_064,spk_3,junior,22,22.0,0,0,0,0,0,0,0.0,0.0,1.4915254236276931,0.0,0.3728813559258834,0.0455429024220437,0.025054730405581656,-0.09871567750659757,-0.006201511818399884,-0.015010947266140951,-0.026538744780079882,0.18282970743514468,-0.06138139648827773,-0.05995672896002716,-0.05210832933407031,0.010177676463630818,-0.07533644755039949,0.015823791546416843,-0.13025298431362256,-0.19691938689472238,-0.019348187862499644,0.04111035875213108,-0.04129412225368919,0.023546647073172427,0.19599852920876074,-0.07586295192832139,0.08517901256916967,-0.0658617589008938,0.07253834063021329,0.25217172126921994,-0.1676274458823398,-0.14967369047744417,-0.11512213758773411,0.1384312383802318,-0.1120971874702714,-0.042772609488792794,0.08701634570455054
scrum_064,spk_4,other,8,4.0,0,0,0,0,0,0,0.0,0.2,0.5423728813191612,0.0,0.13559322033668486,0.08379342716317756,-0.03718083154575603,-0.15276037090717198,0.07986463769226995,-0.20685755567398176,0.5705422291797984,0.035928348642427735,0.15565381668700587,-0.055134298336492554,0.1017643643118818,-0.1365588938496985,-0.242700293202876,0.01367834873618368,-0.03434714526375005,-0.08544732745192253,0.13364021408194207,-0.10530043421863662,0.06524310776507498,0.059972761934784444,-0.0055884985870921795,0.005258249671434955,0.0728269889257274,0.05445387346183544,0.011987942129029493,-0.04962522334129036,-0.05065971328870354,0.04509237762685565,0.08796988262477229,-0.00049528801449649,0.09753457367280678,-0.09175809679344697,-0.034870424889571115
scrum_065,spk_1,other,12,6.0,0,0,0,0,0,0,0.0,0.2,0.8727272726638017,0.0,0.21818181817785126,0.07205037512277578,-0.012071242544560936,-0.08250357721903273,0.03466074087068037,-0.0017083504150419962,-0.023429416204047152,0.008471033355034414,-0.01768681397462798,0.025162554723416424,0.06029777063819528,0.036722666465719735,-0.0733903285580358,-0.22714014000502153,-0.027954313936896943,0.1731381373832541,0.04939767335175156,-0.010690380046859628,-0.09433674592971626,-0.087877470063207,-0.03448177797568049,0.13989998292006753,-0.04660344827080724,0.05920071819302255,-0.02519511260780521,-0.004724058557563779,0.06698108069071104,-0.19819361626661322,-0.0668611073865872,0.017356485542580576,-0.011096017170318283,-0.0347134541451274,-0.0850520463485244
scrum_065,spk_2,other,12,6.0,0,0,0,0,0,0,0.2,0.0,0.8727272726638017,0.0,0.21818181817785126,0.09705051678511117,0.017447997601734353,-0.2131350143450006,0.26680512293268205,0.2072169173497552,-0.05798548017454148,-0.05948367713203556,-0.010135669703603481,-0.11890021430625927,0.10573068677877977,-0.18425381300289365,0.07986492459252145,0.09780410554017675,-0.10248978563475765,0.038843321820350954,0.01061219109215947,0.2615235845512245,0.16673145898823236,0.18628740839216917,-0.029900201090267062,-0.053092288116711454,-0.010888653249677537,0.015167039285052124,-0.15222817267727892,-0.08845296757247861,0.025079735573134983,0.02030560167254562,-0.005006098099510553,0.1390185409440416,0.06621148635657308,0.1727877971886858,0.017150898758080575
scrum_065,spk_3,junior,19,19.0,0,0,0,0,1,0,-0.2,0.0,1.381818181717686,0.0,0.3454545454482645,0.07281872118848672,0.018929668348893567,-0.2036964781870143,-0.06575882447979715,-0.22023459781433405,0.048031856455314687,-0.20146713844526584,0.14386412972246113,-0.02298320455673591,-0.07019905183504495,-0.09194806978914469,0.05824429682504786,0.11366471364318027,-0.0167147243716816,0.13252033810947747,-0.09553582603418963,0.2212902132438784,-0.09377333260677621,0.04761348134861459,0.012315484675582295,-0.05237291908638906,-0.0664515934013673,-0.13442347636855284,0.025418380973918266,-0.0017485294399396546,-0.048626937303874976,-0.056141587630243225,0.03272005761294245,0.09956247262786881,-0.027210377470831118,-0.02159343250841629,-0.0029577372124757655
scrum_065,spk_4,other,12,3.0,0,0,0,0,0,0,0.0,0.2,0.8727272726638017,0.0,0.21818181817785126,0.14037817395811905,0.006656020300262344,-0.02572265625104186,-0.05587215833746923,-0.04787178791780357,-0.05326021998264136,-0.08363078724812406,0.008582246135753518,0.1186528979851186,-0.00930148211897401,-0.16137971887883507,-0.02280200213787236,0.06048412975464942,-0.06019516786140757,0.014526487678249692,-0.1252248736187576,0.0004035660866807788,-0.11307894658084192,-0.019485187847849104,-0.17776697810032974,-0.09319845599628228,-0.024580735108282244,-0.0717375403163201,0.05853510533274453,0.07450677554115585,-0.027559265508417398,0.039826963803814744,-0.03220530206340298,-0.15201396385593718,0.016060612940649886,0.05374055886825041,-0.04754738781090181
scrum_066,spk_1,other,15,7.5,0,0,0,0,0,0,0.13636363636363635,0.2,0.967741935421436,0.0,0.48387096772632676,0.29787203500059145,-0.017859634977886334,-0.06799292096464281,-0.16105404898174797,0.07324371428434574,-0.04359011209441876,0.06358446966000555,0.11176454780883771,-0.03123647339233073,0.0750576576683486,0.1412600477502176,0.005035487884547649,-0.09308073985539589,0.005678169402243077,-0.027139176797532413,-0.07629525100910141,-0.04963296046989413,-0.023142579498697087,-0.012757980752803126,0.00020463294607943124,-0.04083828208668914,0.11450067663100795,-0.047705379620874865,-0.11058299389475017,0.043554709929393684,-0.053228966014367746,-0.025194035057808664,0.049468706531691935,0.0015560310296520716,0.12190947343035888,-0.07005381218824057,-0.13084269903592485
scrum_066,spk_2,other,16,8.0,0,0,0,0,0,0,0.75,0.2,1.0322580644495318,0.0,0.5161290322414152,0.07224819967619357,-0.0269557096006514,-0.034424560434759915,0.02060804469384727,0.015024768311031727,0.042467975887188564,-0.028514385946525438,0.030226829068520627,-0.07594424857582212,-0.09125594228365905,0.10579263588943638,0.028413367943661907,0.012161045501086088,-0.06943485371768264,0.1432475539095928,-0.1219423094374158,-0.08006246384643088,0.04326909536251539,0.04875018150570219,-0.005777290505921919,0.035242766715472086,0.1021188250271527,-0.003369485775181617,0.0707269174905216,-0.06923125784540282,0.02463637407321414,-0.09300864674983612,-0.10427020259896928,-0.090081373139207,-0.1376403569388957,-0.09870578688432935,-0.02459257588321877
scrum_067,spk_1,manager,18,4.5,1,0,0,0,0,0,0.0,0.8,1.285714285622449,0.0,0.25714285713918367,0.12633962792191092,0.17711493024671274,-0.055225798326037176,-0.012725040783809498,-0.027214306875699555,0.04730772439064653,0.11215337246112479,-0.13554933881918124,0.10175936556618666,-0.07950602668693961,0.037686259144896504,0.12810513162366785,0.15280031382012738,-0.007906667171750452,0.18611459863965404,0.05309449547643997,-0.16731235698088923,0.06755133632657713,-0.056827851274065484,-0.09423435699882682,-0.1422766130719663,0.00759167220545595,-0.04340049741079677,-0.11482584124133413,-0.11342141467080054,-0.011353409121425169,-0.047148124686157394,0.013326429555534258,0.05285108255940396,0.036556542136150075,-0.006173728238950248,0.0055731789996367916
scrum_067,spk_2,other,12,6.0,0,0,0,0,0,0,0.1,0.0,0.8571428570816326,0.0,0.17142857142612244,0.10181429075133906,-0.009768772870611722,-0.1743512276025114,-0.10126191506958288,-0.08337651465682384,-0.1470550273629804,-0.11203301860932337,-0.19477283580913524,-0.0254942204955882,0.31375401218566495,0.09528563229746345,-0.17180658175423247,0.12870017167190553,0.12617302762208565,0.13757233631622034,0.18512531927051012,-0.0516767434750253,-0.0034355304813313355,0.011014311100434038,-0.11588995192476534,0.1672700259744674,0.0166355304495738,-0.044214393236575916,-0.10940734172067197,0.1368334684988033,-0.1655300058635405,0.164553530661129,-0.02871002000081688,-0.10845805464327737,-0.05112433216758189,-0.06730404834886412,0.04984434567414033
scrum_067,spk_3,junior,22,22.0,1,0,0,0,0,0,0.0,0.0,1.5714285713163265,0.0,0.3142857142812245,0.08460226324236698,0.08757319011367952,-0.09925523850078655,-0.07813430828527648,-0.03568143055009221,-0.07389616437958868,-0.054491038079168656,-0.10145009249618621,0.025813873858942286,0.0463954325476249,0.019984596956838255,0.05591850890411449,0.04513930777186527,0.12650657658633882,0.052846101032253394,0.1279107691629176,-0.07524442963593156,0.16753965069714735,-0.03300677615933996,0.023990000237988935,-0.22544201962219484,0.14066304965233561,0.021411877455078485,-0.15103076884525518,-0.17734750464689458,0.024136874175320903,0.08990432741696325,0.007734944635209778,-0.04848850987184447,-0.3117730109053978,-0.06122720981019676,0.050067711362609575
scrum_067,spk_4,other,7,7.0,0,0,0,0,0,0,0.0,0.2,0.49999999996428574,0.0,0.09999999999857143,0.02363539892269182,-0.009464069974173187,0.01345544015986851,0.006969481800521662,0.017133784376126875,0.001323784553146205,-0.0018481589347501748,0.0005371081370220136,0.006665482508042699,-0.0069100648878498054,0.0038542612041693545,0.009530868137307313,-0.0020997839162915375,-0.02903332026286156,0.004505500065748446,-0.011654857954421859,0.013167426067759424,-0.02700670821308331,-0.030007198884997945,-0.059064758638453646,0.008541729469030536,0.054865976019637865,0.003124142454731725,0.03466493794582348,0.008915333207588456,0.012030663292201036,0.0648067795299515,-0.046629199291382296,0.01001992316548123,-0.017357260557630056,-0.009249410908369199,-0.007184650019946565
scrum_067,spk_5,other,11,5.5,0,0,0,0,0,0,-0.15555555555555556,0.0,0.7857142856581633,0.0,0.15714285714061224,0.03288951827734376,0.0027414148569549165,-0.05202964477255085,0.033791593271545226,-0.039576362535822106,-0.031177044798662953,0.005590976873211555,0.023166750936017368,0.007003953330817676,0.0011455673873744068,-0.011143945783052714,0.026225568944953776,0.02474302243505579,-0.04659867427191451,0.11295739449480312,-0.040513141977498286,0.13535385012445447,-0.09261111363983991,-0.0367437521029964,0.11311841633725363,-0.17663363250831998,0.0030579078186119472,0.043606654133704986,-0.010337076538590303,0.03035478123054221,0.01906301826813602,-0.014339435141898591,0.008437478555693293,-0.06222481796024545,0.15147809301053097,-0.1314812568413863,0.24948095832354775
scrum_068,spk_1,other,14,7.0,0,0,0,0,0,0,0.0,0.0,0.9333333332711111,0.0,0.4666666666511111,0.09245784416794185,0.0436652931732104,-0.11237949121855012,0.11095216077026425,0.03929200173266543,-0.06681628316054015,0.05116680403685218,-0.015199502157602586,0.00974064262456948,0.022281216044606887,0.03930600401958994,0.08752347691600547,0.0279666803167462,-0.02811053567902009,-0.03104082049023998,-0.1271791630230044,0.03150592800758507,0.12095137252418396,0.05642951937553349,-0.06622676785568629,0.10322419050465381,-0.07990444634887349,0.01458843836651174,-0.01740740703435589,0.1550274213586502,0.013013265443752167,-0.019510796953494072,0.1483921423951182,-0.004902165371763692,-0.020442647193241372,-0.08497643290367773,-0.11153420893684551
scrum_068,spk_2,other,16,8.0,0,0,0,0,0,0,-0.1159090909090909,0.0,1.0666666665955555,0.0,0.5333333333155555,0.06601681333141936,0.016620565621990685,-0.1333197793225865,-0.012383055909729497,-0.04867412950353238,-0.11699695399416168,-0.04731112097305443,0.06589497314524598,0.02477712243583756,0.030546891731667466,-0.026442171802396778,-0.08542477376289315,0.03998242236587007,-0.013871204316734826,0.15165332948409835,-0.02611549780954236,-0.029126860630094075,-0.09382513288902936,0.05653515924662988,0.08085452484626786,0.008097953530819683,-0.01890640201150383,-0.1430236089096093,0.030303481304796164,-0.000989233277139396,-0.09549974061097498,-0.04319691935515944,0.06613942293746931,-0.03986678498287287,0.06760243680768657,0.03468284811308349,0.007375982340284416
scrum_069,spk_1,manager,25,5.0,1,0,0,0,0,0,0.7,0.8,1.2499999999375,0.0,0.41666666665972224,0.13136746795207102,0.243641411786396,0.005038117631909877,-0.011275181066960106,0.030639571185601063,-0.02187070669410329,0.025924156111927183,0.008435699016729883,0.18659522157149538,-0.06298699035273728,-0.0696997306769421,-0.06730585224516768,-0.0012834843240770492,-0.016138740208885602,0.01823128208380242,0.015453307783085754,0.018252581587385696,-0.0065863687439635865,0.10963965593936338,0.011344662412684066,0.1086069545187547,0.04526914547699533,0.01633651891579791,-0.06147852404495419,0.005464239206263942,0.019216069727941532,0.03381032341335307,-0.06726912733589349,-0.01241028687361487,0.01872889609179939,-0.11938563825286817,0.029261096585083423
scrum_069,spk_2,other,15,7.5,0,0,0,0,0,0,0.0,0.2,0.7499999999625,0.0,0.24999999999583336,0.054657834619376164,0.004691059520418703,-0.0019316049663684538,-0.04803953572913833,0.048834147361256026,0.016414477530430148,-0.001041241847022133,0.011585657354165979,0.08617600582204846,0.08070882744189822,0.03444652630362671,0.02218867443831028,0.03502059922648745,-0.10962547929913162,0.05289624249292899,-0.017599151043915292,-0.013779799110441153,-0.05292170410196448,0.02902211645416357,-0.10984132421288995,-0.05990453736883718,-0.0764672934495873,-0.02987819842351625,0.10493801061497482,-0.06174521331355162,0.05433301309784618,0.05752288545942071,-0.09893427951836362,-0.0699939953880105,0.003530594184636673,0.00860308687046525,-0.061129529338823554
scrum_069,spk_3,junior,20,20.0,0,0,0,0,1,0,0.2857142857142857,0.0,0.99999999995,0.0,0.3333333333277778,0.08622499787532747,0.03874760984368235,-0.17404280560401744,-0.13799777648885767,-0.11318365870706126,-0.002206777138583317,-0.16682823347593073,-0.037573775273750505,0.0348592823927266,-0.044101148278193884,0.11120123801559127,0.12451574851172884,-0.012566535200442113,0.00609558636083257,-0.15292931864359763,-0.099222013662102,0.02929169571995204,0.09188133520578462,0.03129013878412881,0.08293251984056503,0.15341306451607564,-0.012811979088368794,0.04390343515027375,-0.15660373876677036,-5.112040607636154e-05,0.032577977771257816,-0.09053229479973149,0.014153010759257992,-0.005375250439639598,-0.05613911083078177,0.03339780952758184,-0.08874627779562023
scrum_070,spk_1,other,12,6.0,0,0,0,0,0,0,0.13636363636363635,0.0,1.1249999998945313,0.0,0.3749999999882813,0.11873810212900723,-0.0009471580488531449,-0.1906887593109042,0.2441124295296569,0.06712397760979141,-0.10335653380643524,0.020124819129082913,0.09484458436694622,0.13816559113847876,0.05989515625794044,0.026315296422974907,0.010103781688499413,-0.17792627508174796,-0.01723977081677695,0.17325800864148594,0.02608760202580766,-0.06320219470792422,0.034546011685067,-0.17059511324349544,0.0715065862675501,0.024190610288950885,0.1120078234082957,-0.15662908608366752,0.06313899157309419,0.11322451288131831,0.09218260753734528,-0.0068698347131432155,0.07511266951062898,0.06133910938031439,-0.08099820025157227,0.017395275110455997,-0.09509905858086891
scrum_070,spk_2,other,9,3.0,0,0,0,0,0,0,0.5,0.0,0.8437499999208985,0.0,0.281249999991211,0.014817803901639007,-0.008635428560901754,-0.013682459494076949,-0.02966786827104146,0.005299641742800157,-0.010631553415916312,-0.018099684065420202,-0.020140990599923535,0.017080704968784804,0.05679144864876029,0.0067634570857753986,0.03801277613437327,-0.06978237138447087,-0.03240511496947725,0.007257990710052435,0.015093192324518414,0.003413413213186896,-0.019241448296118277,-0.036168873051673385,-0.016988845061479605,0.028737253277204618,-0.038444032200246746,0.02682320247701691,0.03315239278615662,0.03223446771978202,0.022581344890971897,-0.058306148294603184,-0.03167026208588751,0.04394872207886609,0.111006604237062,-0.04851717738724673,-0.018397365537315077
scrum_070,spk_3,other,11,5.5,0,0,0,0,0,0,0.13636363636363635,0.0,1.0312499999033204,0.0,0.34374999998925787,0.08698513589790548,-0.027264221238229937,-0.04470458181673623,0.009126687661254934,-0.005609375711800649,0.07543484808609441,0.047739552673178545,-0.09896818703345976,0.10912057775005515,0.2718299576674395,0.07253068233382445,-0.006994331755299604,0.13282170112070257,-0.048941084015850816,0.03741029344771499,0.1824545511273889,-0.05361511628743311,0.06296800382873587,-0.04307474993337151,0.07198348848689003,-0.024213070737910385,-0.08310618122637085,-0.06449728357067126,0.10326964948868622,-0.16632730336401721,-0.07011597040291936,-0.07334506202431242,0.0672065518567869,-0.017000719975602544,0.06658285676027301,-0.0927322046614309,-0.11082794546218667
scrum_071,spk_1,other,14,7.0,0,0,0,0,0,0,0.0,0.0,0.8936170212195564,0.0,0.29787234041919425,0.30877106210600647,-0.09971321644987047,0.027296395621960925,-0.1716016970087337,0.1221483499677881,0.0026097738531769502,0.015374065730419419,0.03135131602755884,-0.12343602398727084,0.015995903988591315,-0.05301458755094869,-0.028875370614250766,-0.058904541125379975,-0.020710248055938955,0.10070151632401748,-0.02079014641927054,0.3351518590202072,0.022282100504027857,0.10360694964421667,-0.1154202204749152,-0.025558558407042485,0.054793596527947935,0.07761677990677768,-0.08633213440477809,-0.017629124232460696,-0.10051780850631367,0.03866094081038014,0.08857288366879984,0.12035305481553717,0.000804602893012079,0.03610702168645075,-0.014657697725133792
scrum_071,spk_2,junior,16,8.0,0,0,0,0,1,0,0.0,0.0,1.021276595679493,0.0,0.34042553190765057,0.02811895682378014,0.03985122054630442,-0.03024605197617961,-0.021643302986327113,-0.03407466791143985,-0.02324446289577413,-0.006763056229419842,-0.01778746472000275,-0.06635512887795769,-0.032940803912338806,-0.0729286836337288,-0.023009054728064443,0.07640336646270937,0.014122328619323868,0.004822415276884056,0.0631383563800172,-0.10872290168163698,-0.020588109174524725,-0.013575644325156715,-0.07076805052331753,-0.03077251620010136,0.046627121484948464,-0.05398209623417168,0.08949429652741134,-0.009749191360092611,0.13061536179310002,-0.01748625673286568,-0.021480886473524318,-0.0256720109397467,0.020843969308331795,0.006959711084645379,0.0130558202172043
scrum_071,spk_3,other,17,8.5,0,0,0,0,0,0,0.5,0.2,1.0851063829094614,0.0,0.3617021276518787,0.06375142846612104,0.061549685698992745,-0.030702995058418312,-9.683964527912676e-05,-0.013854322187289901,-0.023890605440527547,0.03734750452464361,-0.03454710883290551,0.08059371311538266,-0.0001411654478325087,-0.12281825482648212,-0.04056926847573366,0.10052127611766082,-0.04152787560252606,-0.028174350297221443,0.03753208038922519,-0.04063347481625151,0.013544493277053628,-0.051271713081095335,-0.08524553610280272,-0.017574732786371165,0.04242206698982888,-0.01652855340029584,0.091167741709848,0.05609640517169494,0.10679869537316125,0.002745851154934368,-0.04201268074786342,-0.010738363547104493,-0.025637029797764534,-0.04455190932129279,0.006239795493887521
scrum_072,spk_1,manager,19,4.75,0,0,0,0,0,0,0.3333333333333333,0.8,0.9661016948661304,0.0,0.3220338982996266,0.09824498281638924,0.22740436225605365,0.019884654894361326,0.04484033999742388,-0.08829185916506702,-0.09842947697983204,0.0498559170386735,-0.002508299919141223,0.10979097306385457,0.003782296861377889,-0.051207862985775204,-0.1338074104352222,0.014983023007415995,-0.05951334607333695,-0.09599266687905235,-0.028075979082979825,0.06080965136033014,0.017666722375088702,-0.031088433191743682,-0.019379332037286305,-0.043275443116631285,0.10513886784631336,0.061938731010340135,0.018057686428835432,-0.11129546811801606,0.03148567945029565,0.036964562037114186,-0.0647361661363602,0.03724549834443003,-0.04112943960877348,0.04708862780817777,0.009991847626309513
scrum_072,spk_2,other,11,5.5,0,0,0,0,0,0,0.0,0.0,0.5593220338698649,0.0,0.1864406779629417,0.0737459182043589,-0.03418741960853421,-0.05895163753119076,0.08075034759347939,-0.03469637504792455,0.009444656667345735,0.07198998796650766,-0.13367606664364895,0.00066465554749097,0.03167257384268082,0.07374197645088305,-0.008481046954285953,-0.01767940808539855,0.16841283789396144,-0.058921529547047,0.04863915951475318,0.08923413961130801,-0.19564571949679868,-0.0025288389006607463,-0.02320695225684905,0.0696007314874552,0.020524331844099596,-0.017228583917176195,0.019140317173437945,0.0188338718543039,0.03860747899778206,0.03528182852657522,-0.13772720088592078,-0.02190503252621597,-0.009776672111054745,0.01431446896283504,-0.02840767436826237
scrum_072,spk_3,junior,29,29.0,0,0,0,0,1,0,-0.02777777777777778,0.2,1.474576271111462,0.0,0.49152542372048263,0.05324306941441538,0.0577176176217468,-0.10102858187176902,-0.038471873541348865,-0.05610738091448828,-0.04548092502468837,0.18300108529876663,-0.10684387725273661,-0.0633010001250067,-0.06816832126661462,-0.022895559410995938,-0.04245248403818812,0.013736012994464907,-0.17277383794188622,-0.17070527851238032,-0.014617795374460079,0.02923580365528029,-0.04118269802062659,0.027762814387297396,0.13052126377136342,-0.03834687951612288,0.01764363569696312,-0.07174521782966507,0.019141096730960882,0.09485388693426562,-0.10081837209198512,0.003938748924165368,-0.053704005754788696,0.03954469955935415,-0.06588944800750927,0.05597499677276324,0.04837241272462325
scrum_073,spk_1,other,15,7.5,0,0,0,0,0,0,0.13636363636363635,0.0,1.034482758549346,0.0,0.5172413792925089,0.11069285246016912,0.0385614853493788,-0.15557474998972412,0.07125996607826642,-0.006050762332325904,-0.10474381879287778,0.1376544426880107,0.07977836535484523,0.12004307972996969,0.027730937205005184,0.10648960411488441,-0.009893630843114782,0.09518082138453811,-0.006120660358688104,0.0009395678975345225,-0.11991755867265565,0.1045974271963127,0.04946271812137859,0.004353720282671818,-0.0739124486209189,0.006998232693880716,0.05692814587208318,0.021435794666918504,-0.05241683783093099,0.02849289124908448,0.028833775756941134,-0.14045925106538057,0.1522142525290872,-0.04592542090943894,0.0798283211152438,0.059253781320381754,-0.09667784792833932
scrum_073,spk_2,other,14,7.0,0,0,0,0,0,0,0.0,0.2,0.965517241312723,0.0,0.48275862067300834,0.06546126334984001,-0.021374053737935595,-0.035165783311001335,0.02278879586933381,-0.01629363893084415,-0.011677674438098255,-0.002018517626679261,-0.07194850033063296,-0.0275756881388619,0.021359259653899076,0.03900541137144764,-0.04967432573586526,-0.004072013976708459,0.013781887934170822,0.010979471625666887,0.07730936994426925,0.016511432197865137,-0.04900098957644939,-0.01742529906620567,0.08607679989880211,0.04672329957037137,0.026303966245943493,0.013218072367115166,0.07196476644662574,-0.1033742733997859,-0.08227042477183331,0.05610635640478144,0.10281331313278597,-0.040984994456854225,-0.02400942548091493,-0.059570039001213826,-0.08214614216300957
scrum_074,spk_1,other,12,6.0,0,0,0,0,0,0,0.0,0.0,0.7868852458500403,0.0,0.1967213114721849,0.24508265652755806,-0.0665777203481494,0.015068465281979932,-0.21195056023859277,0.1394652202166239,0.035500947327283885,0.09695184909253715,-0.03383249219904287,-0.08460896028645336,0.10744414289713547,0.03750594283490201,-0.02612001130048641,-0.20061734950232749,-0.08228704923555442,-0.049076316062631985,-0.038474438099856005,0.03315929953323826,-0.06533955116951361,-0.05547363631802675,-0.04340638177150125,-0.023999787806042366,-0.02938008028139728,-0.04459318830457344,0.03407320267513241,0.07097470287689035,-0.07002946240015051,0.011806723716499134,-0.06618980288605637,0.11984032773294695,0.14732509222405019,-0.0018020354481893416,-0.1371345348634375
scrum_074,spk_2,other,16,8.0,0,0,0,0,0,0,0.02500000000000001,0.0,1.0491803278000538,0.0,0.26229508196291323,0.09712632544870486,0.05765291038418434,-0.21568230739367295,0.2779048950357238,0.14856810730739192,0.050128195869059214,-0.001985024121773048,-0.023708844808128814,-0.07187244322475357,0.08833236191299274,-0.16929972158855333,-0.021769625902793407,0.013494436565859773,-0.03971434233193347,-0.09978176847017062,0.026306992784704317,-0.04068145950419338,0.05702239037343795,-0.04820425112713932,-0.011099754931612965,-0.0520425086525366,0.01667784327352636,0.08180752163472202,-0.08168092850974124,0.1050708050192473,0.08557878574329747,0.019498813888704513,-0.08585938184432026,-0.14783606334448657,0.09597488795413377,0.2230162856957746,-0.09117361175065283
scrum_074,spk_3,junior,18,4.5,1,0,0,0,1,0,-0.1,0.0,1.1803278687750605,0.0,0.29508196720827734,0.05003612333331763,0.043359357277206544,-0.1508909870115091,-0.08679643804819603,-0.13757905181759675,0.02856991495165926,-0.03161370568245624,-0.047015653821794005,-0.03231032728286123,-0.08588670860310328,0.03141037866069962,0.10374499290888772,0.035083654679441294,-0.005755677165061536,0.11648257136294211,-0.06063546672821259,0.03858199193151025,0.025393663146295143,0.016998007416576998,-0.006685238457527375,-0.013639033483731043,0.006413032236502501,-0.07786909658467728,0.023189495531584302,-0.14773496841892686,0.0241700667941141,-0.03508677954135399,0.016324399070594693,-0.02080248729947238,-0.006271612747100793,0.042442098375797266,-0.025954796572545367
scrum_074,spk_4,other,15,3.75,0,0,0,0,0,0,0.0,0.2,0.9836065573125504,0.0,0.24590163934023113,0.0713377284604505,0.006115316459627399,-0.05162864892178619,-0.06047556766454768,-0.015510742570072332,0.039095635125593206,0.028047861760563148,-0.132408710396869,0.09781468380180637,0.0989551988619013,0.08947764245675098,0.04145504928208526,0.06663967838435055,0.22065055340266593,-0.0699377894112591,0.03530881570833453,-0.0280740513005934,0.07291237293644845,0.05980649086921157,-0.012318946786798167,-0.12937251634278402,0.079822900075197,-0.08415475722613346,-0.026651703964334784,-0.1235844988575805,0.02249280795363798,-0.1547947642551955,0.005240075836574249,0.020515307915028855,-0.05332810798157133,0.040448976364760206,-0.03304376467233955
scrum_075,spk_1,other,10,5.0,0,0,0,0,0,0,0.0,0.2,0.8695652173156899,0.0,0.43478260867674856,0.044160796090192474,-0.0007205299761822746,-0.04090302282048672,-0.008424142056486138,-0.005991427750910132,-0.0013628030669098532,0.06063498847866693,0.0729989518930135,-0.00022389499989464485,0.026810959295866306,0.0431277346855611,0.015998461561007222,-0.006950928317395577,0.003622087018119363,0.06735249512731596,-0.060277876922367364,-0.026872684968364008,-0.039212630108193695,-0.08909720805659792,0.031724857830292295,-0.152212895027602,0.033650377080003166,-0.04095696720196382,-0.04902645444568279,0.08455531884038166,0.004780136732368922,0.058902369295096846,-0.005348754615455769,0.09840474418352259,0.12424921181674696,-0.03575641125691521,0.1723558961463336
scrum_075,spk_2,other,13,6.5,0,0,0,0,0,0,0.0,0.0,1.1304347825103969,0.0,0.5652173912797731,0.02211560976281829,0.01430463253930885,-0.024760007729814196,0.026296712654318415,-0.011075383193162881,-0.024983668002315308,0.035407120491190804,-0.04369662971442763,0.03422317617777167,-0.0008432311176562177,-0.0014415120691938252,-0.03597129965588021,0.021973364994026627,-0.04280410482367908,0.04774577815696839,-0.03831311759736662,0.043920772533999584,-0.0642287875219341,-0.11120121013716051,0.02938660643712227,-0.0036670278524487928,0.03999306240311826,-0.008527206020776692,0.012628755134900941,0.0228686577849724,0.05502014596270458,-0.04811305311082914,0.020047503788987068,-0.030759938438489044,0.09241062129149176,-0.12988431821803464,0.10417340071672578
scrum_076,spk_1,manager,20,5.0,1,0,0,0,0,0,0.0,0.2,1.2903225805619147,0.0,0.3225806451560874,0.12740795921244097,0.11716050096659403,0.01285695129246078,0.024544765056977724,-0.012953073542125378,0.05724183070742558,0.10066736238202184,-0.17073215364232155,0.18699268734874344,-0.12579818303961562,-0.05472241227517054,0.027804811776224556,0.05704071264772561,-0.07015001659584678,0.14213069735707307,0.012033935011869924,-0.12327119147943277,0.020493889857034625,-0.07456090705204155,-0.08591082238038807,-0.0776822197168624,-0.0718561795930621,0.0354029797118584,-0.09285035913422791,-0.07432245882413777,-0.11145223621517512,-0.09260600837372264,-0.007516357250615564,0.014982101867342983,-0.09303916580855878,0.06281375772833288,-0.0013913849448157298
scrum_076,spk_2,other,13,6.5,0,0,0,0,0,0,0.13636363636363635,0.0,0.8387096773652445,0.0,0.20967741935145684,0.08661100071506402,0.008824439072746172,-0.09400218837601196,0.0817614164827262,0.07735101264364018,-0.04533347797951745,0.025884190222055993,0.1426425328966625,-0.010650384303268364,-0.0071885201765409966,0.015511873845873384,-0.0059957382418716525,0.0016628341098514257,-0.00712456808514119,-0.017484261240906265,-0.02249819417652658,-0.04482077860299872,-0.09024270107844913,-0.09166574235455274,0.1340472931749919,-0.1163678077959349,-0.014641219734090062,-0.06224848321367394,-0.13735038505579533,-0.13456204476461087,0.1016870608359418,-0.01854491779235086,0.00041012562768468467,-0.13257024523826788,-0.020220675404401766,-0.02603900361009248,0.053872238462894025
scrum_076,spk_3,junior,18,18.0,0,0,0,0,1,0,-0.25,0.0,1.1612903225057232,0.0,0.29032258064047867,0.09814092813675712,0.010483728846459562,-0.15976051222656265,0.03350956585545811,-0.09895499512732252,0.022509049077018773,0.19246963482412152,-0.16999848861323433,-0.05710667618217316,-0.12917273020893794,0.0011278836293059833,0.05972317395216408,-0.3047614535615928,0.011230340640198217,0.07455867535767632,0.24084828443200815,0.029640415229619105,-0.12956330480798808,-0.11726516625310301,-0.16747042084610025,0.11460043015151741,-0.11454895671955255,-0.015487636561426078,-0.0200636952210694,-0.05359018980283994,-0.04790773476420569,-0.007633523978559415,-0.05985211981463057,-0.06384629273677,-0.012935667063049251,0.06376150656176299,0.04461608295003982
scrum_076,spk_4,other,11,5.5,0,0,0,0,0,0,0.0,0.0,0.709677419309053,0.0,0.1774193548358481,0.044723199000386654,-0.003360733935168386,-0.05358661084518868,-0.04981625250252293,0.013271967489041452,0.036490735930429494,-0.019613277075757322,-0.0017919288438291746,0.09068004555278758,0.18339901342035286,0.11241953600135325,0.06107949085041652,0.1700665212274795,-0.11608262926394651,0.05364506396154736,0.11077113078871273,0.031204859707410396,0.018602455695253903,-0.13669651433821672,-0.021182282288371757,0.024492479578248336,-0.1614816666123162,-0.0678144515478093,0.06282417576843714,-0.06395677754933,-0.03616296546216633,0.04564442808394249,-0.05928885325588019,0.09615861471984308,0.017633808527462807,-0.053056891169542805,-0.03074588983268086
scrum_077,spk_1,other,13,6.5,0,0,0,0,0,0,0.15000000000000002,0.0,0.7878787878310376,0.0,0.3939393939274564,0.0639666836955532,-0.004809164791208269,-0.10825138361631438,-0.021119705665340043,0.00853059720216899,-0.0940641729978929,-0.021069166845866176,-0.08309079540963134,-0.047646261179715335,0.19535457575999157,0.04080104935148796,-0.12619803237018534,0.04197567004946019,0.1721256148211786,0.18467106241192374,0.029008765177260077,-0.13236355865625235,-0.021553066883123286,0.08380365288794829,0.0696512950227628,-0.0027653979141013673,0.05477264228837538,0.12810307195700976,0.028138598346869517,0.19495228009701987,-0.06434874247796551,0.08719648624535117,0.11154171664436885,-0.06733005223136135,-0.15114227730738417,0.1190447415100407,0.1977350500773109
scrum_077,spk_2,other,20,10.0,0,0,0,0,0,0,0.0,0.0,1.2121212120477503,0.0,0.6060606060422407,0.08306618688656396,0.026777682790811077,-0.14427952601736255,-0.1639977347734153,-0.16441575716704343,-0.14205594282206013,-0.22602535068763105,-0.10524897497529376,0.007161403943786248,0.025138406390591447,-0.17112266868496334,-0.023331181625634675,-0.0737988645769731,-0.09343009366140365,-0.03232026937319084,-0.04384229073483523,-0.02746942179284517,-0.06499658250213063,0.053172919629647875,0.016932140597823768,-0.035274344790402416,-0.06239715666508331,-0.13921146263356654,0.0014882005173797353,-0.044290458026976225,-0.0005850489778985461,-0.0037993894784627237,-0.0385803080296428,-0.07660600754998179,0.12186481155889392,0.07221984975905435,-0.04318448079612101
scrum_078,spk_1,other,4,2.0,1,0,0,0,0,0,0.13636363636363635,0.2,0.33333333330555553,0.0,0.08333333333159723,0.1315598873315904,0.16662313558375688,-0.13441508169664615,0.12115147169985774,-0.019776675529869166,-0.2145385201175105,0.09063086581048257,0.3936382860306387,0.36832459275034346,0.01906555820748924,0.22507084739786276,-0.12511246947181529,-0.1331704627149137,-0.08737654705489462,-0.06472869584867279,0.07186921091348114,-0.041882231965619764,-0.10240726445780715,0.25214961025638405,0.02460236072147912,0.05803837980192383,0.20226599824002733,-0.06087915413919769,-0.01528378500221275,-0.16263007301306637,-0.05491992242015482,0.0999519929035566,-0.07426578447515052,-0.05762754576928076,0.08555245060646988,0.03400895149473217,0.07097582281765494
scrum_078,spk_2,other,15,7.5,0,0,0,0,0,0,-0.31666666666666665,0.0,1.2499999998958333,0.0,0.3124999999934896,0.29890756194187446,-0.09254567580902526,0.05875611584382074,-0.19896588186740038,0.18670992863393038,0.07574714047853495,0.04596243215988472,-0.031589829883715156,0.15454726381472814,0.3227244579044692,0.026136330840447867,0.13543607107932693,0.14240852846334376,-0.19509937010168799,-0.009089495065042292,0.16536314971633878,0.053805011192139304,0.10964090708053172,-0.07732766347562862,-0.04780694314636217,-0.008984418242455794,-0.14883450166463402,-0.12794820742951316,0.12172906023428665,-0.08088602821373231,0.036015608985072764,-0.0702241424163414,-0.09972847968698889,-0.07592321767979505,-0.0849847596486519,-0.09186520468344969,0.08336294032707693
scrum_078,spk_3,junior,18,9.0,1,0,0,0,1,0,0.0,0.0,1.499999999875,0.0,0.3749999999921875,0.07795700506563467,0.009621034215617297,-0.3117050262592473,0.028789243597960174,-0.3151122163345416,0.5358243546028093,-0.11695690446354086,0.2225161001922609,-0.014403536910271615,0.03654698398470412,0.003940071716370035,-0.060739937985365464,0.0695737049716625,0.08375391144842181,-0.057356746836000456,0.010475785042066229,0.13981255597552916,-0.06893707125309957,-0.0945283363086941,-0.038405754005477036,0.09059354090788813,-0.019280704518723338,-0.00010654169426555705,-0.06241636912706714,0.02403197970907634,-0.017801235929049034,0.12192493636042606,-0.0972789373244481,0.09158804017195282,-0.07690217029462511,-0.041752607186924896,0.006328620545860469
scrum_078,spk_4,other,11,5.5,0,0,0,0,0,0,0.25,0.2,0.9166666665902777,0.0,0.22916666666189237,0.03552162590975135,-0.004665323524019711,-0.09617490907239237,0.06844739963275374,-0.04187548209659522,0.019296777935145153,0.04928139258222674,-0.10447640648121272,-0.039688836343103294,0.01808207435868595,0.007796741286551132,-0.06143418944491694,-0.061879831465129216,0.13871774090691807,0.06276123576586946,0.11563889764405642,0.1638344368174099,-0.15997193255557235,-0.06870588540474311,-0.08517993118177533,0.1633927582789039,-0.06866666794830015,-0.0189999695192755,-0.09640043358378446,0.014086296296361791,0.03291935606504737,0.07296898833163191,-0.15689725665733403,-0.09897533211271681,-0.05005115066991443,-0.016320413661470436,0.023488684223117208
scrum_079,spk_1,other,13,6.5,0,0,0,0,0,0,0.13636363636363635,0.0,1.2380952379773242,0.0,0.6190476190181405,0.09260146358799674,-0.01289686493308501,-0.14495406438409877,0.09801190752200033,0.02484821318576652,-0.07488144216704799,0.025167377900132633,0.05013197523933108,0.07486318496098437,-0.01663732425106894,0.09110099310030699,0.0015238543599445686,-0.26525132156252235,0.022071659791854735,0.1647662356298929,0.10755484140897952,-0.012291328947388398,-0.016985378038908178,-0.1246362171025339,-0.03286911416641243,-0.05421844288010505,0.06461574696936419,0.010650938928873381,0.05855552327349728,0.044756452862082546,-0.024627263553822155,-0.12075023455950627,-0.02996304793042467,0.008580407619892663,-0.031507762859112325,0.14468180568050665,-0.03355866905244059
scrum_079,spk_2,other,8,4.0,0,0,0,0,0,0,0.0,0.0,0.7619047618321996,0.0,0.3809523809342404,0.03503388445745468,-0.003991114838874142,-0.012914828204233512,0.011653034504566149,-0.024525529857532594,-0.015513061298969186,0.017659979238416727,0.028063669263723945,-0.006218773879097306,0.021901846936931563,-0.03323481504420082,0.023299458105257694,-0.01953763712723335,-0.047680975045051976,0.0771459447675636,-0.055498763233894015,-6.300633209648245e-05,-0.0280758267012232,-0.07657219870864157,0.0322030615688704,-0.19657816567916528,0.07674119848453607,0.07753241603924028,0.053168133214998026,0.06425898471090424,0.03873703141034258,-0.007267805214760607,-0.0914102465774246,-0.10005019155221248,0.09422668348410426,0.010191464542077795,0.1387723872112237
scrum_080,spk_1,manager,20,5.0,0,0,0,0,0,0,0.0,0.8,1.4285714284693878,0.0,0.2857142857102041,0.08841821117365041,0.1834940708165532,0.030079050532507447,0.03746919625717741,-0.05791238663164688,-0.02083427290020571,0.0449004998654526,0.045826484661022626,0.022357111529820284,-0.0003439679762980645,0.04047233841351112,0.026367333645367013,0.0915208889511135,0.004391950988602247,0.015002839655970423,-0.0016446952822651982,-0.020025181143060154,-0.13042222990213945,-0.11860768027850033,0.0020127354217582757,-0.14952850022213118,-0.023077436002720286,0.09903348394393137,-0.11105691529462282,0.09856732789873464,-0.0939791513890886,0.03056258535099063,-0.03688566130952269,-0.04433188124444444,0.03726864677826053,0.030566689680361584,-0.1434682721010438
scrum_080,spk_2,other,13,6.5,0,0,0,0,0,0,0.13636363636363635,0.0,0.928571428505102,0.0,0.18571428571163265,0.08810041873578045,-0.003041028342954753,-0.13014101970299483,0.06442109789844258,-0.04547611170429235,-0.03326477288018867,0.11980107052133969,0.11771873061658031,0.11390518683842014,-0.02661280839986689,0.11806791678725588,0.061917991088758194,-0.16189377746442152,0.05777319807732008,0.0436579368072218,0.032064967511409886,-0.1262769757064434,0.036134554234262616,-0.15776469287868164,-0.07268270433637129,-0.0855005967544673,-0.10526385126384075,-0.16388535719789468,-0.016053794992709994,-0.057845258669885005,-0.05013942005198365,0.09571772872339852,0.10705450609115569,0.14889133362748036,0.07907247368798347,0.03961065237613672,0.11584899379076219
scrum_080,spk_3,junior,20,10.0,0,0,0,0,1,0,-0.25,0.2,1.4285714284693878,0.0,0.2857142857102041,0.08994795346623483,-0.008562815442566492,-0.12039555169734042,0.07035765598417158,-0.08794842489207666,-0.039019894363849866,0.2581372406257635,-0.18878766391601054,-0.05604756377172242,-0.09412615579218321,0.108359480709357,0.06824132503221625,0.09719090340036607,-0.07046551159093674,-0.22330491565112268,-0.06468478363258288,0.10630052958214832,-0.0792401830752191,0.0633743688066288,0.03287709040583377,0.041933639325206475,-0.04579359383719533,-0.05091095472428573,0.046367219676089644,0.1500538142685086,0.07263407080025393,0.03319266989582289,0.07049862599725641,-0.05290506006847563,-0.021927791345754594,-0.054685319466767336,0.025773342324764886
scrum_080,spk_4,other,8,4.0,0,0,0,0,0,0,0.0,0.2,0.571428571387755,0.0,0.11428571428408163,0.059352083066821694,-0.030598638871007007,-0.04773835070453933,0.008658090108167933,-0.014087593301374398,-0.02971553818981456,-0.05333709420082338,-0.08573929939967646,0.034027831825780785,0.19814895642282185,0.054558034268390766,-0.09349315203355828,0.12711282873457208,0.006061565533565523,0.11462913676103641,0.20406732403114036,0.009558719091546385,-0.054218151858389595,-0.04483820490366764,-0.04613704535285312,0.17069743800892018,-0.03778205777311727,0.016898291877906698,0.022043231572362723,-0.033197737081060025,-0.1903097669191738,0.05225648804149321,0.03662819247074022,-0.10137613794683806,-0.14889808343930078,-0.08739875609115616,0.050216945458034574
scrum_080,spk_5,other,9,4.5,0,0,0,0,0,0,0.1,0.2,0.6428571428112245,0.0,0.12857142856959183,0.013935705101796682,-0.006524249557407861,0.0033581639850934013,0.007581970454542295,-0.008964439122174955,-0.011434688100535785,0.006636492932912916,0.0034030828572962388,-0.010090607400834686,0.004388649158253201,0.010681983938936745,-0.013174686546570502,-0.005191138139516598,-0.010658158497023748,0.04801200001700277,-0.021677851443916665,0.03835857393896287,-0.024352300806165402,-0.024894809736617115,0.02267001614210943,-0.009882852780517336,-0.008023709317984955,-0.031638385338752045,-0.041782081732702314,-0.026661057918792214,-0.040805455018451425,-0.013744914446343875,-0.010417958813041564,-0.052261495320516244,0.048120329585969006,-0.05617522034848786,0.08438966462483115
scrum_081,spk_1,other,15,7.5,0,0,0,0,0,0,0.0,0.0,0.8999999999459999,0.0,0.299999999994,0.29065111683777894,-0.09149045407046691,0.05329187819940719,-0.009021533836850204,-0.019618053545761297,0.19369985433145975,0.10618144044577643,-0.12059563697968195,0.04145979873588927,0.19613978718205036,0.09381402655159903,-0.03581200164413611,0.04690009722495406,0.34324046415325415,-0.15971665529184806,-0.10982826151844058,-0.004862227657688963,-0.11584756993008798,0.10739974076830941,-0.004187301088125309,-0.05256803447126718,0.12777755809407143,-0.10659796877849712,0.023465721922421082,-0.1624683188031908,0.04055798730702976,-0.2533062699174677,0.04575229400431554,0.1020358604732678,0.015221409929939957,0.1959516215898591,0.1368865722746045
scrum_081,spk_2,other,16,8.0,0,0,0,0,0,0,-0.1,0.2,0.9599999999423999,0.0,0.3199999999936,0.10890523868757057,-0.03236169951631238,-0.14435500905155677,0.15503726694565584,0.00039604972773383683,-0.09067392457425101,0.09695856663769266,-0.0783891537930379,-0.08633708139130236,-0.01642305765411372,-0.007255401949634007,0.0012320624639384139,0.1095377317995518,0.11869285397921428,-0.026174870659559958,-0.03359674027203625,0.012471944334465246,-0.05910729309392977,0.0771134717255102,-0.03443160252791817,0.12792904975239652,-0.1621219083476713,-0.05765505819755041,0.03026699949015122,0.07471473648396577,0.27278225683495133,0.23618140091680098,-0.1482193166389078,0.0966109538341832,-0.01107195547358546,-0.05740735614254121,-0.09280881339755691
scrum_081,spk_3,other,19,6.333333333333333,0,0,0,0,0,0,-0.11111111111111112,0.2,1.1399999999316,0.0,0.37999999999240003,0.11434349002416129,0.06045493906392473,-0.11444664533738638,-0.1455045375102872,-0.01292719395156123,-0.10231454593518757,-0.14917123285252198,-0.08477070687205483,0.005551289979970124,0.07849140567993343,-0.12610661936073414,-0.07057292115574064,-0.015169814362591324,0.00852254522934941,0.006701667349942264,-0.0692566253263042,-0.09717537467367045,-0.09424657463529391,0.02045777839390009,-0.0373728286828387,0.01677145758034293,0.046742004840306196,-0.17914891747559936,-0.016784583990514614,0.09016879737291363,-0.007775795153864528,0.027162596693236202,-0.016934415342039724,-0.053347486242746586,0.041246277510546,-0.07757126067626996,-0.06448654437158342
scrum_082,spk_1,other,13,6.5,0,0,0,0,0,0,0.0,0.0,0.8863636363032025,0.0,0.2954545454478306,0.1373154117598951,-0.06988717551003917,-0.03410682008352323,-0.06090983002238769,0.003532372036863706,-0.05878030863861305,0.030577603465587574,-0.07022897445212856,-0.09344793515985192,-0.11336962455843229,0.024703768701878015,-0.11802129558257238,-0.16290747300052183,-0.051318887816753936,0.02110245786998467,0.12760736462938177,0.12019003384594328,0.004166124396157781,-0.04497003043120371,-0.07710424355517217,-0.05879475302733161,-0.028993223015784903,0.05241371539368816,-0.022104898669781308,0.039971714788465354,-0.10834075934188662,-0.0824229400584404,-0.1278507936843751,0.21415521915546779,-0.15589898701925523,0.026816948672624893,0.038729500893858765
scrum_082,spk_2,other,15,15.0,0,0,0,0,0,0,0.13636363636363635,0.2,1.0227272726575414,0.0,0.340909090901343,0.09668667108066598,0.028856143289719416,-0.10075332517776302,0.16032025545061415,0.02692801689439873,-0.018793427956062918,0.05703302451957028,0.031525694291880735,0.09294138938780404,0.026176898785393896,0.09595332335693471,0.06949592606307005,-0.08647701413662283,0.08560273201577395,0.04034225205865907,0.01709115736999362,-0.029364208313884158,-0.06576574455771496,0.010710358084783591,0.102083711242837,-0.12707337102787944,0.08398740509242424,-0.015053478319857367,0.023789895338588583,-0.021798752312148967,-0.20494789544884073,-0.014159532788009096,-0.019167703457502103,-0.06620463586267358,0.09104553512951347,-0.17337069265420454,-0.15705133889451764
scrum_082,spk_3,manager,16,8.0,0,0,0,0,0,0,0.0,0.2,1.0909090908347108,0.0,0.3636363636280992,0.2285941630809713,0.027722946888063447,-0.049161491536092755,-0.06482169801559609,0.0669959014183997,0.048268720905804016,0.0007787775883152543,-0.12977339469155785,0.05227241369054544,-0.09319345060557684,0.05033607259243605,0.14339009609910358,-0.04030510831160085,0.12907007918787614,0.0690009101214305,0.04892402057512403,-0.03424015756485503,0.0805641359526824,0.02084797001055586,-0.037345185410026405,-0.10413517108567366,0.14539298035582077,0.006928358641213514,0.004228973219537088,-0.12087211986757251,-0.11140756711818392,-0.021714188294826176,-0.01742840690971792,-0.02722196027540198,0.050243067166699594,-0.10034715035470859,-0.11177839495216942
scrum_083,spk_1,other,13,6.5,0,0,0,0,0,0,0.2,0.2,0.9069767441227691,0.0,0.30232558138831805,0.1161600216034957,0.026917297668221787,-0.21766166392552405,0.2599487442784493,0.23933659811164462,-0.052853399780451435,-0.0790405733160452,-0.019063126496321674,-0.1520501112339785,0.06824507760619342,-0.15227703461671838,0.047925672379043965,0.041669239738051395,-0.05510891301765763,-0.01810507779010167,-0.0651093663040238,0.08530723689698227,-0.021046438142063063,0.08195643739107476,0.20551051178606936,-0.07359283686311671,-0.0882734631058905,0.0035002274880722222,-0.1045302691044083,-0.06483303096063557,0.029662285566847742,0.09062864015721647,0.11527044912586636,-0.0018577333042389948,0.03450110643075837,0.06376576525529466,0.1442292665189191
scrum_083,spk_2,junior,15,7.5,1,0,0,0,1,0,0.0,0.0,1.0465116278339643,0.0,0.34883720929421314,0.07266317904902918,0.05197155601803761,-0.11241815014870057,-0.04420133969064185,-0.10116402827118119,0.01197350941372485,0.038617933167162395,-0.0923463249250035,-0.14455316010074937,-0.13487761848251809,0.0761572741563776,0.11653509396603,0.12304913102047127,-0.028396757181860317,0.252635062443496,-0.04991248084735302,-0.1372313802452448,0.08498924791819516,0.09348345226834792,-0.03282205568629438,-0.06990780033095062,0.1462924943482293,-0.0722648002577127,0.05126986874498039,-0.16573950186750713,0.10597616939458089,-0.027250316944309252,-0.0005427243312954119,-0.06245238128980751,0.07269678266271573,-0.0716859628988678,0.0029095124044007914
scrum_083,spk_3,other,15,7.5,0,0,1,1,0,0,-0.4000000000000001,0.2,1.0465116278339643,2.999999991,0.34883720929421314,0.15855023231389412,0.17337068626721083,0.03066129231634774,-0.11410604574239461,0.15427911302148264,0.15172288405844897,0.018749012870179146,0.02412739105402246,0.05142072226097882,-0.002811334207743226,0.009844726014738328,0.16793002034072,-0.012743599231282434,-0.030438009898922366,0.08869223093378051,-0.08096853697130632,-0.10368093245442879,-0.10194698742750326,0.05083894556998739,-0.13259573380895776,0.025915738790017205,-0.04429307001953406,-0.055834287721861935,-0.08246792426324277,0.0476899645135896,-0.009047013902669175,0.11650559590866617,-0.07504467083442229,0.09357716652868324,-0.0103952921701875,-0.02033644220104492,0.09841684648371109
scrum_084,spk_1,other,14,7.0,0,0,0,0,0,0,-0.15,0.2,1.0769230768402367,0.0,0.5384615384408284,0.24012607534852143,-0.0850045307195663,-0.08866143285142701,-0.02174423221349915,-0.021220808904435926,0.35898802203069347,0.0643584083594461,0.125232180151524,-0.12094041072337895,0.11044435104448605,-0.1317893007195868,-0.15166881684132633,-0.008157243826917055,-0.029858746769179594,-0.021213552134547158,0.07570635408990867,0.05491622181165812,0.018309783947022193,0.058019413212565894,-0.03720434370372755,0.010949958051953361,0.11179090856334781,0.13161999951177183,-0.08923203701429865,-0.006690732513699297,0.04348114711130334,0.04213814603553194,0.004030976365998654,-0.05885019169826932,0.1359167536485996,0.06675824013948267,-0.04177087657868717
scrum_084,spk_2,other,12,6.0,0,0,0,0,0,0,0.0,0.2,0.9230769230059171,0.0,0.46153846152071004,0.15403181528646842,0.11321347507619534,-0.07926812533473589,-0.09735966879503467,-0.07328459025030248,-0.07694717177083057,-0.10979093279084505,0.04948472839623606,0.21461838852855938,0.06031799186324027,-0.04204025126945085,0.10299067935756027,-0.2767547386042075,-0.08582473619415872,-0.08212761602281987,0.03752005955695227,-0.030387900635435918,-0.05595854479158928,0.14779940642742032,0.029777426666640048,0.1056480845508165,0.06923354563974067,0.20578759702740124,0.045336835948479814,-0.07458763024437437,0.12685835836107093,-0.00684238344802711,-0.0865524315761598,-0.009783762716269632,0.04196177443790304,0.06216249413165615,0.14307166790754008
scrum_085,spk_1,junior,14,7.0,0,0,0,0,0,0,0.13636363636363635,0.0,0.9333333332711111,0.0,0.31111111110419754,0.12235960492639827,0.016700430223727324,-0.106154884596763,-0.02354652026333421,0.18077373358522492,0.014696913944695496,-0.08187949057582533,0.06405365521603658,0.053970530182072984,-0.07191377037032888,0.17508189531511814,-0.11638203515180014,0.026574319993656583,0.0019986583002518247,-0.012194739134849666,0.11101395622074303,0.02315785084669004,-0.0009574315737783949,-0.06306091123537796,0.10314108894322087,-0.19290563500241145,-0.0604633180752354,-0.06570904739593743,0.06531521352373784,-0.09353534210595518,0.11657712814018788,0.07903175416323666,-0.01897033945015257,-0.07523909652135852,-0.034043243353270296,0.0380416966761091,-0.09169192524565639
scrum_085,spk_2,other,16,8.0,0,0,1,1,0,0,0.0,0.2,1.0666666665955555,1.4999999977500003,0.35555555554765433,0.05759642912890648,0.1326637615166791,-0.044746652004755035,0.001716703633138109,-0.011580192468587953,-0.02447222291603233,0.0732388913263309,-0.06162421046342037,0.22761144514282064,-0.08884492294138058,-0.10041303728058885,-0.10799753290557208,0.11703168926094791,0.05230415224626539,0.030071601924512782,-0.08010012398592348,0.032975178078061884,0.05235545466179344,-0.1565542880994303,-0.06943814122669062,-0.09332355792667839,0.026261088608296106,0.15792511540599782,0.05658975238943579,0.059975242331427446,-0.022328111850363777,-0.0345965696093773,0.013987687607230643,-0.0027002991465153356,0.10459538414847715,-0.04565647721839294,-0.051448390421194305
scrum_085,spk_3,manager,15,5.0,0,1,0,1,0,0,0.65,0.8,0.9999999999333333,1.4999999977500003,0.33333333332592596,0.13116106069797612,0.09143735254306694,-0.05774878500850605,-0.05770737278525336,-0.015052220720919428,0.1535375739118352,0.22105270514127082,-0.08948875657994328,-0.048411939161106754,-0.006102478344947596,-0.020960603280967504,-0.022043788889424227,-0.04331973403528663,-0.18340613892907864,-0.07057537756478398,0.06180573949086631,-0.13176912682870168,-0.010685372806283155,0.07514590819288734,0.11227004122649807,0.0014776619235937647,-0.06944652417689584,0.0019488122646883269,0.029659437179962337,-0.05721279966136216,-0.112184907299077,0.046591835050756196,0.14592045239372056,-0.08325122079259412,-0.006657542159229751,0.04448224414951505,-0.12760718620780875
scrum_086,spk_1,other,11,5.5,0,0,0,0,0,0,0.0,0.0,1.0645161289292404,0.0,0.3548387096659729,0.09149352973292715,-0.055923382501039544,-0.06721852617687805,0.07772334677317999,-0.07761951183165634,-0.022183485363383427,-0.026830645348013868,-0.14208660214280985,0.14792933622349838,-0.012197073553618444,0.015595444141042952,0.2447427204980628,-0.057031396954228535,0.10452171307685994,-0.1385532027244881,-0.009760541087639532,0.027188628886101303,-0.014501550455035638,-0.02273344508321185,0.05515553528536612,-0.0009670853243938791,0.021883273449400626,0.19884986559986173,0.19741706098470385,0.0030647016714186134,-0.07091957857290608,-0.00796912179868204,-0.05550352089897064,-0.025494965628137023,0.18278717218687804,-0.1117931294922944,0.008331163038839177
scrum_086,spk_2,other,12,6.0,0,0,0,0,0,0,0.0,0.2,1.1612903224682622,0.0,0.3870967741810614,0.07989746077722801,-0.0010411057440965345,-0.1072009513136872,0.16303213812154976,0.14111683801769798,-0.024422360089192463,-0.14978514998743042,0.040209062372676206,-0.08258642413199561,-0.06836986904467438,0.06328320977334329,-0.029811204083518356,-0.00544190553424921,-0.08019771045185518,0.009996064241122201,-0.007187462038545891,-0.060097967122739834,0.028523590686890858,-0.046884551238026574,-0.037701871917617924,0.00017702083450546138,0.0019004216811455762,-0.02757266954313835,0.13662935786047464,-0.059662862583099815,-0.07496627785740087,0.004010649458564096,0.008740675991878782,0.02851232021229326,-0.1705077524410469,-0.14029598663879894,0.013468750574916852
scrum_086,spk_3,other,8,8.0,0,0,0,0,0,0,0.0,0.2,0.7741935483121748,0.0,0.2580645161207076,0.1393375034956466,0.12835565949794173,-0.06646080720181871,0.01066754617183906,0.12323529483629643,-0.012337778488506746,-0.20974530084071225,-0.04438681156419168,0.003677617572389926,0.03289747594906445,-0.20389291999584697,0.05726153760792385,-0.001281273428019713,-0.004011276383026878,-0.060260181353542344,-0.08160257704087877,-0.07522509390312386,-0.13128920883742898,0.01722158386279892,-0.06253493790647983,0.054834223829904195,0.022023081856763847,-0.05356336032510976,0.0120111285721592,0.026225370199061574,-0.07781639952920877,-0.013269044199138581,-0.004319539849826207,-0.11844553771392342,-0.015352601251169462,0.06604979388038515,0.041092438160993394
scrum_087,spk_1,other,15,7.5,0,0,0,0,0,0,0.1,0.0,0.9782608695014178,0.0,0.3260869565146503,0.1324749965213506,-0.06116272630035055,-0.06208222079996475,-0.07235976556910069,0.05636942659546389,-0.021268853823583865,-0.03682798803982351,-0.07253841596330858,-0.04792759381037222,0.1121668395655377,0.07585607223015459,-0.10213288260033133,0.19503167775997035,-0.07418946781486044,0.15030556685114582,0.07067636351848865,-0.11871540773491641,-0.08579309984587732,0.0027823351130500263,0.10776974033293521,0.013163681197264101,-0.07479828057594032,0.14386116952433095,0.15789321428194053,-0.11537575313499115,-0.06873016853530603,0.0809063472473989,-0.03406891191604476,0.06948205962798724,0.18053525704181494,0.14258632575156346,-0.05097285107373304
scrum_087,spk_2,other,16,8.0,0,1,0,1,0,0,0.0,0.0,1.0434782608015123,2.999999991,0.34782608694896033,0.08408398612607594,-0.00945475544519052,-0.08741838543018371,0.028165078703665653,0.004340363105924033,-0.04122799481341811,0.026734172662720386,0.05403827949170476,-0.034006132313686585,-0.06393970223430762,0.17780701666229998,-0.02417432282522597,0.09711160385291531,-0.038138384657352815,-0.07317262982820308,-0.10113606365129706,-0.0695048951521703,0.06500566839307988,-0.06488161511919091,-0.21068176132529487,-0.011871606713269114,-0.1359863441112489,-0.06395567693146828,0.0025151506647868994,0.09397015759236078,0.023337736417424496,0.08972332017656556,0.00978000313875295,0.1061310542953599,0.01573833706003463,-0.03262194396898714,0.15381208595847864
scrum_087,spk_3,manager,15,7.5,0,0,0,0,0,0,0.0,0.8,0.9782608695014178,0.0,0.3260869565146503,0.2026987115707057,0.19053307378053155,0.0994648167345584,-0.019161583080392234,0.00521620539889006,0.0011849229532028707,0.07151613110141014,-0.01426368313204231,0.003937359503646609,0.02001090314728247,-0.08645429819935961,-0.09659640373182884,0.014245303752663509,0.011218371683788076,0.010777271686988806,-0.13865248460023571,0.06369580604621045,0.04742619196513312,-0.13359372299877592,-0.04834440396498329,0.04543948034157618,0.02397374228153628,0.07722825063399316,0.15726891654008554,-0.0714804066683375,0.045983718950395214,0.021806437789367365,0.10932726086759428,0.017617728827239318,-0.029756787403669285,-0.0345671489641987,0.008401468872552687
scrum_088,spk_1,junior,17,8.5,0,0,0,0,1,0,0.13636363636363635,0.0,1.1333333332577777,0.0,0.37777777776938276,0.09128399181173058,0.07385864816604873,-0.26655776011630594,0.015466639930403923,-0.2176580458167645,0.16560634905183516,-0.12092198596942236,0.3244300313692383,0.11323413478042153,-0.0055669069190487155,0.19325574794795564,0.1267477929868147,0.09438889612608249,0.05905859908217308,0.02835822528182692,-0.14279104660837436,0.11561545232586257,-0.12455416142553895,-0.15597547531601907,0.05522474702262563,-0.05773110933955795,-0.04748979023436048,-0.006786910066098735,-0.09646806793988175,0.05666839838830296,-0.10880316816263946,0.08398202144634563,-0.09052761524461064,0.09031986122215532,-0.08831009226058752,0.02358461438624665,-0.054866471996241534
scrum_088,spk_2,other,14,7.0,0,0,0,0,0,0,0.0,0.2,0.9333333332711111,0.0,0.31111111110419754,0.07187519365702486,0.11921739322011674,-0.06364414382723055,-0.00042235046655474443,-0.037562854755789944,-0.04620850648011233,0.078415797734661,-0.04927170131606698,0.20139387581515858,-0.03062237841084313,-0.08086248642533937,-0.13467883761199378,0.16144190037569342,0.04873824861429109,0.02942796783042858,-0.07152450298351225,-0.01371777456538592,-0.04720637539585094,-0.18892083185501946,-0.08593156066386999,-0.11600143761744372,0.020504681651493602,0.16485595758458088,-0.009572771639511193,0.051476158841472226,-0.053495277303002936,0.026367917871563003,0.07051393443340667,-0.005331908513331927,-0.026720891143083618,0.03753227616153493,-0.053983705457860964
scrum_088,spk_3,other,14,14.0,0,0,1,1,1,0,0.3333333333333333,0.2,0.9333333332711111,2.999999991,0.31111111110419754,0.10354153903868765,0.13204910323849717,-0.006570751282569744,-0.040232689673650825,0.07805718153337902,0.006754568476483721,-0.01170362605406076,-0.028501177884244503,-0.023728262586240726,-0.02496890506025524,-0.0786741669320812,0.0432708749770155,0.041864118364709574,0.050170142146780325,0.00934152418255768,-0.02387035741158669,-0.07723291286430718,-0.04828772848914622,0.008075837809619159,-0.0739074852488283,0.11735359089258954,0.01612757280806604,-0.019898743948505153,-0.014722657821380308,0.023653027661121925,0.06508626777405464,-0.03625500742147506,0.05992650223249391,-0.014363115374671656,0.019566298504987402,-0.11024322394583995,-0.0016384632102313663
scrum_089,spk_1,other,12,6.0,0,0,0,0,0,0,-0.1,0.2,1.0285714284832654,0.0,0.342857142847347,0.14016764157180855,-0.10931801579633062,0.03558807203543574,0.04224883812067075,0.01039857854082734,-0.037914893192226545,-0.06211728769645375,0.0015161523909771764,-0.0152354340893408,-0.07104629574029014,0.09066361546156468,-0.08546487478810337,-0.011318146030698167,-0.055074937814985334,-0.016798245141652374,-0.042105909974088016,0.006097403475524215,0.033692836726397626,-0.0686872997204354,0.01895042394715158,0.13824029868334714,0.023739200734105816,0.01162376032764256,-0.1972040218451287,-0.07539478763301911,0.06462315269382944,-0.17577625090140941,-0.1081097505006196,-0.12403905869239756,-0.03015802116185954,-0.1087125643901645,0.03860258682316109
scrum_089,spk_2,other,12,12.0,0,0,0,0,1,0,0.35,0.0,1.0285714284832654,0.0,0.342857142847347,0.05462837475474461,0.035420155433784704,-0.07105538469343078,-0.06073317731111449,-0.10917489582175238,-0.09409051678603106,-0.16481133996108288,-0.009391354905537578,-0.0292841417592385,-0.04692241282362824,-0.1649942608025504,0.004631984343192441,0.05545590242803687,0.004427593706681252,0.0005362526676299741,-0.06626651428103066,-0.06380231049653137,-0.12098071673135548,0.04405689669986277,-0.07854761555163851,-0.00721916528127282,-0.027915875464025637,-0.1877378829806285,0.1018976646021757,0.07540255568286508,-0.002659965571823914,-0.024481307498836348,-0.0012296333589503505,-0.11539379726595546,0.06778177769080275,-0.0011609431347973142,0.02458699627755999
scrum_089,spk_3,manager,11,5.5,0,0,0,0,0,0,0.18333333333333335,0.8,0.9428571427763266,0.0,0.31428571427673474,0.11218591253451617,0.1019213273315497,0.009791648385530522,-0.060328460696503515,0.11633299537768697,0.04971679956863193,-0.01191724165599799,-0.03030922995871102,0.0037574825106400337,0.042370964845324606,-0.03157120402825402,0.0308107747838233,0.010598085446498158,0.02945875591401238,-0.007434991454379944,0.023974726625633484,-0.008139162264120472,-0.14087836050584202,-0.018043890491667918,0.0627567375047729,-0.09649030977985601,0.06572021919711397,5.191711648987055e-05,-0.12149866013613529,-0.022187149018580092,0.1575401775205965,0.04315757371532287,-0.03907512344976424,-0.016667715215646584,-0.11011073430318888,-0.16946700745204207,-0.06376455011067862
scrum_090,spk_1,other,16,8.0,0,0,0,0,0,0,0.0,0.0,0.941176470532872,0.0,0.4705882352802769,0.3050784399636347,-0.07273274327819639,0.007722101673818827,-0.12531647412944916,0.10396763903549722,0.0156455285995659,0.08311740119033885,0.021437495140068485,0.04761847266249821,0.1883050828782423,0.08904345275099779,0.11615166067928359,0.05500026897510505,-0.08867608928631468,0.006895745020446664,0.06893591980717585,0.15316147043981435,0.01592214280329681,-0.05105252764458827,-0.049072512315708534,0.07789818457508521,0.025844162909124547,-0.055108933371644846,-0.016988768679489417,0.04032183708095491,-0.06610779169596423,-0.10513619142757376,0.17334734766554213,-0.10615294732886281,0.03193145571049581,-0.10580189092572487,-0.08478081159388307
scrum_090,spk_2,other,18,9.0,0,0,0,0,0,0,0.0,0.2,1.058823529349481,0.0,0.5294117646903115,0.10532158440217469,0.13906442170269523,-0.06889938930002205,0.10789068210493188,-0.01476089013695065,-0.10746994449326333,-0.013378354549778627,-0.02208006031856668,-0.04970018221802601,0.12304355805510565,-0.013421871339235813,-0.03517799651478558,-0.06788404620968509,0.121820187566964,0.07425683019008557,0.06028971009367305,-0.023291880891316126,0.22741552141846844,-0.023043648719514385,0.008071994983327314,-0.06673283795240485,0.04929714413700192,0.019199906220157395,0.032871412578464335,-0.03655619746391667,0.033477758106955906,0.13899661027820462,0.07239807180798252,-0.00786400344388973,-0.2898332552923325,-0.02082309418025508,0.10100285109660215
scrum_091,spk_1,junior,19,19.0,0,0,0,0,1,0,0.0,0.0,1.1874999999257811,0.0,0.39583333332508686,0.09101167547159503,0.044087148119266645,-0.2291357237997456,-0.16983704207718495,-0.19546866757381684,0.0631592764451933,-0.2190026945480336,0.028441704708299615,0.06937344901010546,0.02366968849504571,0.12744877495543588,0.17526722664219235,-0.005338798167869202,0.13233395866963724,-0.1525618317850398,-0.06694193334769069,0.06409355080436925,0.11173585203365045,-0.05962356864305856,0.07950647032211834,-0.020073188117567257,-0.020467212620758502,0.06953505808736396,-0.12338370519303715,-0.03891080934119217,0.010961308812662529,-0.011653942097669788,-0.015773538262235095,0.0902518905861369,-0.1340120002554604,-0.027546055933127995,-0.11510111124680963
scrum_091,spk_2,other,12,12.0,0,0,0,0,0,0,0.0,0.2,0.749999999953125,0.0,0.2499999999947917,0.11887117943143541,0.040768787884165276,-0.13079523768244136,-0.11223612151982239,-0.0831766597863062,-0.056513021589739504,-0.05085317639218661,-0.10200882057373728,0.15347530746203034,0.15304004821759784,0.021629692536375526,0.051493394915297426,0.05143411017219021,0.04942527262607989,-0.0994558143303496,0.037647662132295326,-0.06420101471590199,0.11027979669472969,-0.09243228562180339,-0.007042343355338767,-0.11971053290248311,-0.029566699290411044,0.06691110446529565,0.025731297119950158,-0.08199005118333073,0.06280525265685132,-0.10143593996345555,0.00214116701802847,0.002276357369496773,0.09120049508955254,-0.04252383750354851,-0.0848801258991083
scrum_091,spk_3,other,17,8.5,0,0,0,0,0,0,0.3666666666666667,0.2,1.0624999999335938,0.0,0.3541666666592882,0.0664609578345641,0.0412995515215831,-0.10468387122350675,-0.139178439428925,-0.06866215895791829,-0.0907972198670834,-0.1402288307201286,-0.12796493661931607,-0.0036871792014823855,0.08182674194740427,0.058064011442723475,-0.05647316141689105,-0.01740641202068634,0.10959762009446776,-0.062497988127827586,0.05829229940370706,-0.08013594564268586,0.09454530644955092,0.08378027574750889,-0.0111375082230201,-0.04245650538940579,0.10159727677780259,-0.034615898722281005,-0.14737554344519924,0.027030604090163102,-0.04311683455614641,0.07207109038150603,-0.05017085216447332,0.005674308214290929,-0.03154769206998407,-0.1373315352245,-0.12841358956349253
scrum_092,spk_1,other,16,8.0,0,0,0,0,0,0,0.0,0.0,1.0909090908347108,0.0,0.3636363636280992,0.09381510337800635,-0.05873290658463724,0.01461935584534999,0.004892761015513971,-0.01800860287410013,-0.016120235806090132,0.018377596550476858,0.06852910292230217,-0.020455598021294014,0.009555473743085758,-0.020240572362346432,0.018170788742095965,0.011405028644018095,-0.04099532284353548,0.10772166788643305,-0.06657777456667349,0.03936896111242134,-0.043303362076114314,-0.061358756020829505,0.03135635361933814,-0.19023153725891412,0.07730772026585561,0.07237866154348258,-0.0030421601675705854,0.09158135764078698,0.02871906352472848,-0.02916085216179559,-0.10543453640414598,-0.11421596067277984,0.0811109038916559,-0.003938735782162833,0.12262344007433645
scrum_092,spk_2,other,16,8.0,0,0,0,0,0,0,0.7,0.2,1.0909090908347108,0.0,0.3636363636280992,0.08690757015836093,0.03979456046743046,-0.07331184529062644,-0.0034088313527218415,-0.05998013798296026,-0.10777675270275315,-0.07073635484567893,-0.085907468306273,-0.06032861756228826,-0.005075477946149095,0.20240213405900032,-0.20791496706701182,0.054217218107026455,-0.05843141292207424,-0.10212249238659037,-0.09893217716436772,-0.09471119749631494,0.07062507699775879,0.010341366502091229,-0.08198076360744973,0.1361430371646321,-0.10698531272856916,0.01490169539120743,-0.12467400688573832,0.12698880305641969,0.21238640862418917,-0.11799162930851644,0.015461804612586826,-0.0023767596229367274,0.1045302162592608,-0.12302447603916758,0.021264541156446447
scrum_092,spk_3,manager,12,6.0,0,0,0,0,0,0,0.3,0.8,0.8181818181260331,0.0,0.2727272727210744,0.0744069754089072,0.16775461872874187,0.07438184804133581,0.04945939969723361,-0.08174519353135513,0.008995052974781951,0.011727228392473013,-0.008076072872659735,-0.12684105886823122,0.04611557903076682,0.05465902744857815,-0.12899298419381852,0.0003502602002887795,-0.024470003613343404,-0.05157523373975099,-0.08572474549187639,0.04333128975220058,0.17279913898216345,-0.12360761668444765,-0.045904535910212305,0.07386822841965936,-0.02977026424050567,0.02602794926893782,0.07662217518919405,-0.06034866468658041,0.08105096113750682,-0.01811930412862064,-0.01299541980474272,-0.09686084633012461,-0.003477392604247107,-0.03943789728449457,0.07488259752052213
scrum_093,spk_1,other,15,7.5,0,0,0,0,0,0,0.16818181818181818,0.2,1.216216216117604,0.0,0.4054054053944485,0.11205373134118558,0.014461507967899499,-0.2141020029362681,0.2678805564996545,0.21566785461764923,-0.06752506849295356,-0.10585875533151265,0.13694926363287913,-0.07139439197572404,-0.02255132642786737,0.03241425178878753,-0.014907700274057089,-0.005265306611907661,-0.04995074087886485,-0.06673532396616035,-0.03712059279123583,-0.07038623640235755,0.04145261048200054,-0.03613361897964918,-0.03675647912107992,-0.07178313858352696,-0.05919296225529495,-0.07526516874049652,-0.04101658664858184,-0.12406949863002936,0.013107938966624936,-0.05972880394852087,-0.013712550804781324,-0.04619432991908842,-0.003814817284986297,0.08399142273461889,0.05186679349546076
scrum_093,spk_2,other,10,10.0,0,0,0,0,0,0,-0.3,0.2,0.8108108107450693,0.0,0.2702702702629657,0.1012115572006579,0.08453616186436284,-0.0401057006234722,-0.04163985722814543,0.1170320447935625,0.018165480336867587,-0.013035880251246882,-0.03551067031964108,-0.009917727746151657,0.026185044356261043,-0.10221622159082443,0.004978928247561212,0.005716204402604238,-0.0037762931364439993,-0.003499216168938834,-0.04789474644250024,0.0071588758668747554,-0.08848086249960252,-0.028385743424149967,0.07454742437449895,-0.09249528848167886,0.056323956388956486,-0.08012623534802103,-0.10852443023716532,-0.08386682802262448,0.17335405223250344,0.07098959590145501,-0.05248333466323496,-0.03547934133625002,-0.0572029173474087,-0.12560800732344868,-0.023504470752809918
scrum_093,spk_3,manager,12,6.0,0,1,0,1,0,0,0.25,0.8,0.9729729728940832,2.999999991,0.32432432431555885,0.05699650767868555,0.0947745173559677,-0.08221684655175272,-0.007574093799987852,-0.09340238022698152,0.06465830488233432,0.22331731202141042,-0.10062838736973098,-0.044840450172626174,-0.14211730356143895,-0.006085822381463891,0.055949672094369726,-0.006239238041322255,-0.13312702843854685,0.002072520800887937,0.1769250303978137,-0.10275182661517882,-0.029316052399076326,-0.014411832009165383,-0.050898779358771504,-0.028379847992340442,-0.07996966390793991,0.008976914107953725,-0.006039378066862695,-0.0717901371289794,-0.07154645050182883,-0.06125058801342136,0.028847121355595876,-0.15558850868711535,-0.035963969792116766,0.13400898836658615,-0.05495972130779773
scrum_094,spk_1,other,14,7.0,0,0,0,0,0,0,0.0,0.0,1.2727272726115701,0.0,0.4242424242295685,0.07799441380332403,0.01961062267510663,-0.08604929335642705,-0.012549971007151469,-0.023217161545735398,0.11493861985458538,0.014101854158975965,-0.0015398528370318826,-0.045814145322905675,0.024987484818450412,-0.11392251363480067,-0.13871211355896462,0.043377539864826925,0.0004485025005973959,-0.05810256756656558,0.09135847015952303,0.0043698059112076675,-0.06089007349877048,-0.07246776658417833,0.008471285537440403,-0.17275088437183547,0.09696225102031322,-0.031808687386742335,0.02689832181221528,0.04865336840870172,0.12952401541477898,-0.11988418967096573,-0.06905649928810816,0.06244617450958033,-0.10073990838466061,-0.06399111676122414,0.00974874596995063
scrum_094,spk_2,other,9,9.0,0,0,0,0,0,0,0.0,0.2,0.8181818181074381,0.0,0.2727272727190083,0.09879899416807578,0.17583455380856958,-0.07355478259853951,0.02859304699304315,-0.004426311108956976,-0.0759941865490761,0.09917990199844424,-0.05863748484083196,0.2605603567666256,-0.0369829108845183,-0.1753322378268968,-0.20230791826551078,0.18079239834591376,-0.02382152578592635,0.034166436172031044,-0.054730929184949505,0.015171309802767034,-0.09534002265077994,-0.2900705683480382,-0.12416970402225773,-0.09457379166145144,0.0898083532598016,0.10383160517645648,0.10668338776333754,0.04510303997874842,0.0825645442388146,-0.07454276263804949,0.07519234194838997,0.07802539554068116,0.008914095759835407,-0.0133244725022813,-0.1703079094561306
scrum_094,spk_3,other,10,10.0,0,0,0,0,1,0,0.0,0.2,0.9090909090082645,0.0,0.30303030302112033,0.036628049827766324,0.046384592609225644,0.005642089071407831,-0.02272567908586877,-0.04125435782664018,-0.04648622603649083,-0.009467893656880125,0.023198756812876416,-0.10856956041008209,-0.016391242490840622,-0.018413183710177673,0.05797995534798203,0.06210036959057829,0.06343881553968403,-0.0013051192751976704,0.041434494438147194,-0.09022522653635107,0.003284438799340417,0.011018673452687684,-0.039896368341460965,0.006226596668449734,0.031122961559870575,-0.05702344146442318,0.012704686968507595,-0.003488587169032326,0.0728589411403341,-0.027143524513124528,-0.00975869234932053,-0.05466670326546949,0.032682940744761566,-0.05275609914476534,0.01396863292128388
scrum_095,spk_1,junior,16,8.0,0,0,0,0,0,0,0.1,0.0,1.297297297192111,0.0,0.4324324324207451,0.16007004984118162,-0.05806850952797876,-0.1187556920574815,-0.06418148075635598,-0.0628340640508652,-0.030851372731602048,0.0387927105548598,-0.07228353534111454,-0.1675617854037591,-0.03962763432511757,0.058728958574999914,0.016732516534378676,0.16761619755331456,-0.036030291003942574,0.3148663734194363,-0.0052175647357097475,-0.02826455276571604,0.09760076940521287,0.1829471619480238,-0.06337080304314156,-0.06605480351959653,0.15946441373367848,0.06444045948493779,0.030333711129035507,0.018093163554114854,-0.004093847011007253,0.0052286976207262135,-0.03026997953646621,0.00963126250558792,0.027347147223666053,0.033575739883805945,0.021803558722193278
scrum_095,spk_2,other,10,5.0,0,0,0,0,0,0,0.55,0.2,0.8108108107450693,0.0,0.2702702702629657,0.03762669660220364,0.06194588093333182,0.03351895334994575,0.02035064491100964,-0.03601821809961471,-0.03154154809912561,-0.0111018512494864,0.012792601912283454,-0.007645319488914268,-0.02806504491911911,0.03053157912549895,-0.03886726760870842,0.003049883061080674,-0.03701571146228624,0.009546393070815316,0.034401968039115896,-0.02634730826885868,0.01730915201864851,0.019780148595878923,0.005028525258839234,0.0003224342238963807,0.022757613673884017,-0.0015042689185128344,-0.015221397384935687,0.07436604090313352,0.06846131526153583,0.007489426436978163,-0.02089146434218787,0.04248256970061416,0.0012876066546024503,-0.033364154154953626,-0.004158465586525653
scrum_095,spk_3,manager,11,11.0,0,0,0,0,0,0,0.0,0.2,0.8918918918195763,0.0,0.29729729728926224,0.14050857315562482,0.16272269591409036,-0.08472871275817138,-0.10150513612846983,-0.08926868639889632,-0.03585653662676144,0.03189275990620387,-0.10297921639888652,-0.22157553082444037,0.04728459649069939,0.13261293666034007,-0.10627501362179248,-0.0533004641822006,-0.10305343859601461,-0.002415350285729531,-0.18525517325109228,-0.029988213717882795,0.15942453062067727,0.030348649941211253,0.08966100048992906,-0.014977475595619643,0.10631066157285864,0.010878883776413094,0.1356820641928165,0.05583399287119578,-0.026299491689113275,0.010140481267256479,-0.12372743956390109,0.04698590574471919,-0.04084007391220393,-0.024666045480776236,-0.060343370935251
scrum_096,spk_1,other,17,8.5,0,0,0,0,0,0,0.0,0.0,1.1333333332577777,0.0,0.5666666666477778,0.036538642975496013,-0.00062053973039114,-0.023812247983085632,0.0062504667390377135,-0.020627696342232122,-0.018685046851263647,-0.0016698970382161289,0.02258491951597244,0.029222854520506367,-0.007608886239710297,0.08484531019988545,-0.14603597661968518,-0.034752016351706126,-0.02709316372617118,0.1296705192394264,-0.009515269501378418,0.01519860730060459,-0.105031101646423,0.09615250240270257,0.12564354041451398,0.0744147004639381,-0.2958640882825808,0.16153928740814577,-0.0032393126536188733,-0.06984117017601123,0.06321124396476036,-0.10687362256504992,-0.17860953333008858,-0.010567782821063963,-0.08613501809067496,-0.031419916830524204,0.0013967361199269095
scrum_096,spk_2,other,13,13.0,0,0,0,0,0,0,0.0,0.2,0.8666666666088889,0.0,0.4333333333188889,0.0523728598305466,0.07150517487108175,-0.06565589092580404,0.019024929207413166,-0.019728075125351265,-0.023482391582531844,0.07958830758707824,-0.059679091232778654,0.10118323684832618,-0.05406038392133319,-0.025643540821875123,-0.07733239314734543,0.08360072938638366,0.012511438307768482,0.04685112519588938,-0.030634642045664257,0.017925605530841212,-0.0721381846773703,-0.06379358453333389,-0.007223929178892183,0.07157000406958712,0.010072106526855178,0.04836689228644943,0.08514252233168496,-0.072941447790619,-0.027239488008116465,-0.06057073420414283,0.06969114663805479,0.061379173807852475,-0.06293863310523104,0.02252604939937995,-0.026685359553711832
scrum_097,spk_1,other,13,6.5,0,0,0,0,0,0,0.0,0.2,1.05405405396859,0.0,0.3513513513418554,0.1526137810541413,-0.04145469961776224,-0.13659111950498953,0.2316474906811939,0.17978160362727827,-0.04960258833714091,-0.06627173129187242,-0.01865574416370129,-0.06814703518527679,-0.00421815460804069,-0.07232358344086207,0.05753608171097254,-0.005299550614814279,0.00354898258546231,-0.07570009714020065,-0.016583978040052818,-0.0006430577540669794,0.039724986572022225,-0.003474361797267764,0.021067808914919946,0.027086051295320435,0.06457464931518214,-0.02648548407856181,0.0866143932428523,0.006104688549937951,-0.1631235981049843,0.007563986073825988,-0.1225967573774493,-0.007007468005926244,-0.006858711653955644,-0.023353317599138692,-0.05008951377613884
scrum_097,spk_2,other,12,12.0,0,0,0,0,0,0,0.0,0.0,0.9729729728940832,0.0,0.32432432431555885,0.04367598103953155,0.01617977544307887,-0.07086446473060225,0.07048758198786498,-0.02222852843461173,0.1343291935044877,0.03234491072477806,0.05163291509156892,-0.000639983321222008,0.03225079335993213,-0.06450771644060674,-0.0822181631211777,-0.02900395359784805,0.02959681735866142,-0.06927472979812593,0.011993010215653807,0.0017330230368470285,-0.024885922421372265,0.016644350563205318,0.02867748411003145,-0.03925639421598956,0.14170142460598711,-0.04642591769299758,0.03409458839423673,0.07777122370794125,-0.06541061823900111,-0.1289506485877648,-0.02980571140742052,0.02989168809662478,0.035785981318752456,-0.10149894791024605,0.05862730299878146
scrum_097,spk_3,manager,12,6.0,0,0,0,0,0,0,0.06507936507936507,0.2,0.9729729728940832,0.0,0.32432432431555885,0.14556139123833353,0.1998460763220493,0.008401688657940967,-0.12905300908595707,0.20111117513256105,0.15835521587231172,0.009235498243823081,-0.08809056086375401,0.12645353735204723,-0.13918946831477047,-0.05575551828315115,0.1318772951521962,0.019510822189133577,0.025654087624573284,0.0844674580431052,-0.026228288739905372,-0.09868567733336255,0.006012755543052494,0.09555162254214881,0.05766722804866403,0.15817400903094708,-0.04425064096132236,0.05075872697315305,-0.15105511870632138,0.011407715489842384,-0.02635983795265447,-0.05115005638680389,-0.0033089836867550037,0.04387413813869797,-0.025385822125220416,0.02232647301114465,0.08172626674612425
scrum_098,spk_1,other,14,7.0,0,0,0,0,0,0,0.0,0.0,1.1666666665694445,0.0,0.3888888888780865,0.26692950942199684,-0.07620520124449573,-0.00655681895677157,-0.2635204546270926,0.12811949910655113,0.009088964921561568,0.02092574844242249,-0.04488978315456789,-0.10012616293053386,0.11380551441058132,0.04586290354308451,-0.034756377314429834,-0.25275539810059816,-0.020538344828054063,-0.055067563846940455,-0.0326159799739596,0.02126829747905621,-0.0441325348357236,-0.06654124753236884,-0.12747771607761724,0.020689351402350762,0.002580939646056495,-0.04505671530738545,-0.01448292912510081,0.04856383916923342,-0.02397673608724195,-0.010391265510938164,-0.06748853053401294,0.09604399025996045,0.1846559635018278,-0.06318943438224593,-0.1985297720748844
scrum_098,spk_2,junior,12,6.0,1,0,0,0,0,0,0.0,0.0,0.9999999999166667,0.0,0.3333333333240741,0.03762647196054901,0.008468649583711494,-0.05124390182331518,-0.026689207594124117,-0.06687405432176942,-0.013752327669659867,-0.13051632974251984,-0.01288633463296632,0.0459226169221159,-2.367206657373944e-05,-0.13214814557740345,-0.02621437560320589,-0.013951219623501678,-0.005488714248325037,-0.004371313352512672,-0.06206486915213979,-0.040875882386358454,-0.07973070008222412,0.022689687732383036,-0.07710604337600169,-0.02949100810009309,-0.03520615297073706,-0.12863963161441794,0.04845693497233136,0.04433809622275535,-0.05616624532696436,0.024986660286438214,0.04882102789396692,-0.10451939038278635,-0.01658065685291869,0.08938909778208266,0.03617159483429636
scrum_098,spk_3,other,10,10.0,0,0,0,0,0,0,0.0,0.2,0.8333333332638889,0.0,0.27777777777006174,0.07025822104306773,0.045281922391847286,-0.07172116423220155,-0.034007071127472116,-0.07676237155059835,-0.10032630335731306,-0.0671226065094593,-0.07288135955982131,0.1206863383485351,0.04118869287088815,-0.1355029960930766,-0.09413152835695202,0.08288224011572802,0.04585477754394594,0.06464380573245576,-0.054027542014344725,-0.041722533134739705,-0.07519233285907159,-0.025335393320197363,-0.14530853012509545,-0.04953343351771646,-0.01424599680406162,-0.05626168865275675,0.054985971442838046,0.0515325972423876,-0.12756069698608152,0.06207105822999054,0.08231140272060987,-0.09620309429661125,-0.1185387248403013,0.09978641705468252,0.0902774922620378
scrum_099,spk_1,other,12,6.0,0,0,0,0,0,0,0.0,0.2,1.058823529318339,0.0,0.3529411764602077,0.03181105083423757,-0.002930639609064713,-0.03051820946562798,-0.0049843324514613355,-0.02585689532228679,-0.01972691937357346,0.07415791324452387,-0.04762582990440354,-0.019358250057422328,-0.052197615703821004,-0.03543748407965656,-0.010358233093425604,0.018276226739490142,-0.02702675483556987,0.03137364058764709,0.058158336095363174,-0.02977986914192127,0.0161168181192636,0.0032341147336905104,-0.0066307314575825066,-0.07750568114700919,-0.0005051998784743772,-0.0032949916852025754,0.030338962091101457,0.0024283980433017637,-0.035375183813139865,-0.10714407153144531,-0.033614497082122045,0.01554297248164698,-0.10498517952346813,0.07957148902575444,-0.05064089609631153
scrum_099,spk_2,other,10,5.0,0,0,0,0,0,0,0.0,0.2,0.8823529410986158,0.0,0.294117647050173,0.09639542902963598,0.012136078811452181,-0.16923907405190836,-0.015397906321445567,-0.11634628602910312,0.09657506322260699,-0.08006212884167115,0.03050020289245522,-0.04779446272303976,0.08585596677126725,-0.09871326589437981,-0.10359537697345322,-0.1836427188346806,-0.006248368952957194,0.06055360819917432,0.09347302892357462,-0.11643259570492627,0.04072233531411725,0.09658353476394851,0.02223021486052844,0.018899846417009834,0.08417220191293763,0.021092306296893206,0.10135352398268964,0.11335505372776163,0.12531313620991288,-0.2046326714734348,0.06823595249643981,0.14120682231168447,-0.011641483624137227,-0.08734293095711497,0.0041231321129906
scrum_099,spk_3,manager,12,12.0,0,0,0,0,0,0,0.0,0.8,1.058823529318339,0.0,0.3529411764602077,0.0677504994909723,0.13392330724400844,0.03934206543913341,0.017851377139743673,-0.06491869439500117,-0.019501203612466912,0.01689422775983064,-0.014662996891208898,-0.07402782717317735,0.05264173982163635,-0.08692851787691849,-0.0640307467864052,-0.03840805028399362,0.023363518872546507,0.00946021179041083,-0.09655646741554141,0.09031980817834027,0.07928351731372921,-0.06790069075056776,-0.012983158371467591,0.06554420479533282,0.034678207902678886,0.09377804428561366,0.16735465825678222,-0.05627786009314138,0.05293465971347023,-0.013244492590556432,0.06568720717884789,-0.0010522545943374196,0.004492677805066817,-0.05383826705735471,0.009649635184776876
scrum_100,spk_1,other,16,8.0,0,1,0,1,0,0,0.0,0.0,1.116279069689562,1.4999999977500003,0.37209302324716065,0.0802757204701066,-0.03462571393954792,-0.07826707892843655,-0.039956532805964395,-0.06072028538685663,-0.04384842880695747,-0.06808843039725943,-0.05726631979506577,0.13485220314459218,0.09638478092810403,-0.020614708690186657,0.20445488346574447,-0.006117133681296446,-0.0218924165128076,-0.08006787810083706,-0.016022026535569108,0.041893265089364085,0.1070224541137503,-0.01965811790811035,0.01370748239903333,-0.01488931176476602,-0.10629276317540885,0.2476254800893288,0.10406189172501024,0.03465555558990259,-0.04702695049956619,0.010271655358160754,-0.0019138599670261273,-0.07240146843567699,0.1516809328598469,-0.0691483112660823,0.027742692485834126
scrum_100,spk_2,other,13,6.5,0,0,0,0,0,0,0.16818181818181818,0.2,0.9069767441227691,0.0,0.30232558138831805,0.08931924617640274,0.03200739038018596,-0.207098572620542,0.2098425603397563,0.11083831725012806,-0.06673991385842865,0.023080300381531357,0.10706280716204689,0.03023221908762009,0.054733569100402,0.03796552939443857,0.02288698600467543,0.005643013654381997,0.02645053780821709,0.01765609498299542,-0.09721989510376304,-0.08302406345243192,0.06862557563773648,-0.019122304984740903,-0.013383093528614925,-0.0025819999054891374,-0.09857339783984369,-0.12146793813109252,-0.08461839448979998,-0.038358646146260764,0.032568172379240895,-0.007849691304520106,0.0350326979019382,0.1449149179788005,0.05369558851993074,0.07689918372601193,-0.027604532944519915
scrum_100,spk_3,other,14,7.0,0,1,0,1,0,0,0.30000000000000004,0.8,0.9767441859783667,1.4999999977500003,0.32558139534126557,0.09042837220204479,0.0428715770757078,-0.20151592803048676,0.028823767256449466,-0.20199216308507614,0.47381189720315814,0.19164872307748024,0.03378420390306425,-0.11864946508735244,-0.007301807342215679,-0.12948219353163626,-0.1164401660215358,0.03498904461266101,-0.12530973521998115,-0.10440061986834823,0.16873244790047773,-0.1351408041515598,0.06708792163179442,0.014280141546865077,-0.05286917119445267,0.0517540623974588,0.046085832555010454,0.04972752314857495,-0.021129011772654974,-0.05325834490518269,0.0015174706762600542,0.017463434071336822,0.035191999538527065,-0.16214904309929243,0.06963573404329756,0.06953130212920713,0.02009690244672112
scrum_101,spk_1,other,18,6.0,0,0,0,0,0,0,0.13636363636363635,0.0,0.9473684210027701,0.0,0.3157894736786704,0.2635259721739596,-0.13635730509125948,-0.0029010478841177086,0.0980390909062184,-0.08055245351279286,0.02995445241871847,0.09709964866948433,-0.16356403219577684,0.12606723960898855,0.1621652631848843,0.1661535330690864,-0.11009595623610051,0.09093490433913479,0.4251511916649463,-0.049481364999707324,-0.034721282866262464,-0.012804929198916437,-0.16081290524689362,0.07745456674668483,-0.026209431607593682,-0.02906375734184522,0.09745985899281283,-0.10193310898723904,-0.06832185585000018,-0.0892325990360906,-0.019429253258188544,-0.11624658897685879,0.03563718259769169,-0.005757725802953791,-0.07610633259924668,0.20698512359185836,0.14726719111867728
scrum_101,spk_2,other,18,6.0,0,0,0,0,0,0,-0.3035714285714286,0.2,0.9473684210027701,0.0,0.3157894736786704,0.17277892609671522,-0.10180888871838309,-0.011309840556518107,-0.024770589966702544,-0.13247811911399368,-0.10433220693824989,-0.17720099132875883,0.021517405673622203,0.011681184559198168,-0.0820743164540837,-0.18242009366688228,-0.011077013508051153,0.03301756881603965,-0.035908675218847594,0.06460351967069408,-0.06439014415679625,-0.010628339758249708,-0.1352134367771735,0.0398759288799993,-0.0385595185660679,-0.0029720649448166034,-0.019776794390127073,-0.16066136769814093,0.12379170249994008,0.057497639186365336,-0.09045098691572362,-0.047360665266652766,0.0400729858700282,-0.06221116916137346,0.04959089041411778,0.043213057137599376,0.011970788172746258
scrum_101,spk_3,other,21,10.5,0,0,0,0,0,0,0.2,0.2,1.105263157836565,0.0,0.36842105262511543,0.1620295867616365,0.11608768098971788,-0.19619735984422437,0.1335409551062031,0.3149230425466566,0.06237713614669342,-0.09034744029845465,-0.05035665984533916,-0.03821542818163552,0.03226547695170427,-0.07919998599838737,0.10452321093160481,0.055649914553350555,-0.0588562369000394,0.08390552445687699,-0.081760129241271,-0.07995397869849052,0.07242174668997187,0.08010058716140786,0.04283191683725632,0.0008510944599875868,-0.032712936769103314,-0.043061209985653257,-0.0057502887701624565,-0.09471450222955788,0.07580605405571447,0.04099091381580805,-0.11994716979769904,0.039445211186566596,0.00010350639549158953,0.04333682683152369,-0.04813626191003382
scrum_102,spk_1,other,18,9.0,0,0,0,0,0,0,0.0,0.0,1.111111111042524,0.0,0.22222222221947874,0.17084795742217185,-0.05799183007803257,-0.046781502813572684,-0.07107564283739888,0.10134347533823294,0.006622850521689029,-0.09506649862376182,-0.04433610710927766,-0.00489496993147569,-0.18047531041017806,0.08660910243609883,-0.08238006546249987,-0.15984978020917892,-0.009585271808566654,-0.012050289526071591,0.2053237172933342,0.15635100170439123,0.0447587983895212,-0.06674370085627498,-0.15175113147957164,-0.17660586628049657,-0.010981939274703928,0.008202258634173445,0.11939131334419521,0.04760711092770003,-0.016392307629636026,-0.010583427193304335,-0.07436538392359382,0.08477855751226275,-0.09489458558412447,0.06484569166088044,0.004177052651915405
scrum_102,spk_2,other,14,7.0,0,0,1,1,0,0,0.0,0.2,0.864197530810852,1.666666663888889,0.17283950617070568,0.05016225128670283,0.07256217116083974,-0.008948808659663871,-0.007092813135645084,-0.036436721724979367,-0.014219840074849631,-0.015106603905087033,0.033620270674356745,-0.05232311834263576,-0.0017319129833757135,-0.01063459461369224,0.05982403710842182,-0.12007351732777967,-0.036405376325435806,0.1063284434619003,0.08927505645429692,-0.04214361464348556,-0.1002948214166019,0.06926103139984471,-0.04389030320140773,0.04922420790447443,0.028402369635760805,0.0851092500109499,0.03311243143278085,0.04605107219984548,0.060452248247672126,-0.12941888867616924,-0.044035215260957036,0.08995862573681147,-0.008710022514672622,0.022169421759345904,-0.027647311403749767
scrum_102,spk_3,other,17,5.666666666666667,0,1,0,1,0,0,0.4681818181818182,0.2,1.049382715984606,1.666666663888889,0.20987654320728547,0.1755809424529657,-0.018700995723561913,-0.12259191793254177,0.25194415787716395,0.026608780996320507,0.0158460575958823,0.06500981670940369,0.08804446306921677,0.04731029703497539,0.13656166543969922,0.03723096946245688,-0.01770407508426984,-0.16930624494800728,0.018286670096725615,0.09964048599322498,0.03930978912881798,-0.13446159986772496,0.03871625528180489,0.11093205019859652,0.18950100404940468,-0.0988779667730914,-0.009500232991089642,-0.04089549992364267,0.10648220689809003,0.01222222806841404,-0.02386216949109436,0.09437680531538366,0.24219784280129938,-0.02690806198601828,-0.06977756677886746,-0.20185439443542608,-0.17990474440961568
scrum_102,spk_4,junior,18,9.0,0,0,0,0,2,0,-0.25,0.0,1.111111111042524,0.0,0.22222222221947874,0.09580583770282108,0.06735570793549653,-0.17186611397015406,-0.06650162320863963,-0.117122778422104,0.022139417536090715,0.12357262601039173,-0.11184599632371196,-0.16506560425299194,-0.18217646846009034,0.10334968595795803,0.1681211609682659,0.10776531756100557,-0.08255623490379338,0.14922344979854435,-0.01062907064527202,-0.1283996171982878,0.05323865091411227,0.0794549107532754,-0.027424671190895297,0.079906426130077,0.16468014133443573,-0.08380275685947935,0.10849143242637516,-0.06462654875745956,0.09958625332565914,0.03701754144045993,-0.0045656217657861235,-0.1424888818338006,0.003514774631575938,-0.00909006338379299,-0.01235353030599727
scrum_102,spk_5,manager,14,4.666666666666667,0,1,0,1,0,0,0.39285714285714285,0.2,0.864197530810852,1.666666663888889,0.17283950617070568,0.14156349991137934,0.1507128596700116,-0.12178286105707634,-0.12657996129195653,-0.0038778652831022186,0.10568949703839303,0.22094055731378937,-0.1576960655932688,0.011763804682964818,-0.1590233631951441,-0.053758069196640154,0.08694088153932428,0.11049938924646202,-0.0915820063095819,0.05292379373290654,0.05216158444005212,-0.1533024852765944,-0.0203025476550969,0.007864288708235112,-0.04772470204590343,0.05221718416277333,0.004642580095680757,0.02242809262016478,0.006493677302442698,-0.1365438592633459,0.0017077736058675943,-0.03185242026107676,0.09417923947194341,-0.11461866517450607,-0.023365243719993434,0.07793129193817923,-0.012428848697925654
scrum_103,spk_1,other,18,9.0,0,0,0,0,0,0,0.0,0.0,0.9473684210027701,0.0,0.47368421051385046,0.12501206252495603,-0.06154164345738263,-0.02999189849130979,-0.11492257590623527,0.04827629051176767,0.004084561643890339,0.021473687040640153,-0.027051757697706586,-0.03708900735589424,0.011931620264952588,0.03646346868053379,-0.036169235864695254,-0.025807643136128936,-0.028132223964026034,-0.03834413576253559,0.007461175941808206,-0.009007177657598606,-0.030955499604030493,-0.023655539858543354,0.03651722721891823,-0.10955952791155849,-0.034489239368738954,0.00912269731789272,0.04632819062999697,-0.009750661689264558,-0.06683403113338639,-0.028226855069773675,-0.035213122139469165,0.04721128238441805,-0.042541287261584945,0.1050634078864527,0.015005438364967552
scrum_103,spk_2,other,20,6.666666666666667,0,0,0,0,0,0,0.6,0.2,1.0526315788919667,0.0,0.5263157894598338,0.19488161469508972,-0.006136166283271916,0.04402485369053573,-0.12750289927760122,0.12166129243530542,0.08950913335334638,0.06573447514797567,-0.02947843346139233,0.1278728429177678,0.18874583655564608,-0.03492472235861653,0.12907221832675436,0.09231438614361984,-0.17352674554292377,0.0028755215475093332,-0.0015356283412908491,-0.004184815559139359,0.1047515606070106,0.009516398815269805,-0.15499716710065053,-0.07532159549074621,-0.13279291465720708,-0.06455848040651112,0.09967432654548207,-0.008591112148482918,0.03310582838270697,0.03347335871134153,-0.13297514371743666,-0.13908193769839974,-0.14270504451059976,-0.02440948723781496,0.10995933491607916
scrum_104,spk_1,other,16,8.0,0,0,0,0,0,0,0.0,0.0,1.0847457626383223,0.0,0.2711864406733697,0.1782313042203821,-0.13369702840252706,0.07962206839514821,0.041009477907197465,-0.0625109906627591,-0.03516642048068097,-0.07311623569579626,-0.04421284789313151,0.12507337364751134,-0.01784115535394511,-0.014790770693941852,0.060317403899425664,-0.014452680048929648,-0.12183787550955702,0.034678707515769215,0.025736036299826244,-0.009395757666019007,0.019539283805151055,-0.20755413496543476,0.13387281735776993,0.13446440553818695,0.24442766050671624,-0.018328098236424714,-0.0001800629796781141,0.10143682448970925,0.07223528458379182,0.06732701752570963,-0.04110188499973049,0.10847839078780597,0.039824159406903974,0.07340875905273155,-0.024776559614705915
scrum_104,spk_2,other,15,7.5,0,0,0,0,0,0,0.3333333333333333,0.2,1.016949152473427,0.0,0.25423728813128416,0.11237928448987772,0.08193757295424574,-0.16453475428830708,0.25116974900587136,0.1808097002059212,-0.05205318146245319,-0.047173983287159514,-0.021722721513786097,-0.006037026683047333,0.01930751520457068,-0.051072858057305194,-0.0020403141839075837,0.1142195422971312,-0.012987815114182854,-0.10229408782189449,-0.11550042484357174,-0.05906194652014253,0.04210976721706201,-0.040195689320737645,-0.1068215424767248,0.012698747479897044,-0.07602056131746077,-0.005423728876964321,-0.0797845731811968,0.04586653753295138,0.06089011303131738,-0.022613681063545506,0.04778205430307363,0.07470029714784342,0.054727497852917625,0.04546125088422753,-0.04838212923998188
scrum_104,spk_3,junior,18,9.0,1,0,0,0,0,0,0.0,0.0,1.2203389829681126,0.0,0.30508474575754096,0.08008498568003637,1.1017674961498105e-05,-0.221662686237363,0.04393219306964838,-0.19165466143406734,0.5275841008906393,-0.009794297587250336,0.1590259819673515,-0.09734731257473689,0.046409213996873484,-0.04407376820962145,-0.12390983853198988,0.0514442228073281,-0.024492804791632492,-0.010079787519078795,0.030970377966742856,-0.04803500463911758,0.05568275947273211,0.037797185288890804,-0.05589795842844417,0.024954964007388843,0.13575261663672222,0.03741171395743499,0.01869146177617685,0.018251350849318088,0.04102121844644552,0.05635452528882473,-0.060956324815153395,-0.025436842195605398,0.027411289532792135,0.004814614619366735,0.007923574770227489
scrum_104,spk_4,other,10,3.3333333333333335,0,0,0,0,0,0,0.0,0.2,0.6779661016489514,0.0,0.16949152542085608,0.1352078589427569,0.16210533700410698,-0.02823256345128487,-0.09508121761879125,0.13768585566661817,0.19535709443408616,0.0019277820332339619,-0.10758202718993852,0.05905084169667858,-0.15279737796443596,-0.019181497198966137,0.029366257640387278,0.004861974096173922,0.08513282981001957,0.21492131624621724,-0.14549254176542809,-0.07266241950212661,0.10754825634289773,0.09398806198295073,0.028171760963763642,0.0802629598189447,0.1124287788473161,0.020087181794049374,0.01369116463457493,0.0906550031376034,-0.029715077802638858,-0.08741025312809506,-0.15376497287071855,0.021923612060567848,0.1363574970246994,-0.0867171895580856,0.09644185946571057
scrum_105,spk_1,other,16,8.0,0,0,0,0,0,0,0.0,0.0,0.9999999999375,0.0,0.3333333333263889,0.13359844829485618,-0.08301177419522769,0.02018154583699747,0.028622632058344213,-0.018908923679565245,0.021682183166803967,-0.002057920720719596,0.0703957568555702,0.014993513216129512,-0.006798767424547635,0.05189700529994679,-0.15353933358751654,-0.021407270630117662,-0.058502599656962,0.11234611506993361,-0.031109021669380912,-0.018766881439975885,-0.06318115488713252,0.10736382051872617,0.07101504055479015,0.001823361979401989,-0.2802628260962204,0.14046447119617494,-0.0301009839905093,-0.08504759477575123,0.05306214078540902,-0.10383871399082903,-0.12174608693152215,-0.06304689389005552,-0.044535823206916104,-0.0387405689737471,-0.04541982657027368
scrum_105,spk_2,manager,19,9.5,0,0,0,0,0,0,0.03409090909090909,0.2,1.1874999999257811,0.0,0.39583333332508686,0.09252159299687163,0.0655183353656906,-0.08079576334410055,-0.01218342506110714,0.05507917505631865,-0.02759383770861425,0.04004202264824309,0.034569249907827934,0.16172698545770978,0.001057112024201562,0.0968543523450949,-0.11141646632045833,0.0591949251802371,-0.042493584469793,0.13847621830157344,-0.01889125449057049,-0.056684137197742,-0.08574525196206581,-0.027464691454742052,0.10520513424348923,0.025723068045433402,-0.22114261928101162,0.12366907260734553,0.014488834697065809,-0.09603001921051131,0.041070965643674656,-0.08920288428606996,-0.03710199921060433,0.07492437578931446,-0.046257481354189126,0.019021823713808707,-0.09338117821090908
scrum_105,spk_3,other,13,13.0,0,0,0,0,0,0,0.0,0.2,0.8124999999492187,0.0,0.270833333327691,0.11212661607023375,0.09064938114607923,-0.02534232256468341,-0.059385562615916425,0.06990221716734625,-0.0032725106715339805,0.04015039881094799,0.02295452092869992,0.02802326001954772,-0.003143973300001414,-0.05622743783398794,-0.0008800362684907507,-0.04299780726337604,0.031494810519472304,0.11673625754619572,-0.11758995734136159,0.10077373450908314,-0.06845043910959478,0.02327888150433373,-0.012722516633654132,0.15869725532938853,-0.04586795557996337,-0.039087716388821796,-0.02241261578222104,-0.03914220987751469,-0.007884861687419802,-0.11438580805817695,0.07332379173546925,0.058445231767202684,-0.0017060304840298829,-0.06284410838612717,-0.07678867727520497
scrum_106,spk_1,other,14,4.666666666666667,0,0,0,0,0,0,-0.15,0.2,1.0370370369602195,0.0,0.2592592592544582,0.13489874589676176,-0.049673569885284596,-0.10776021591927232,0.16545403394283334,-0.0010025960032641393,0.07850953283848205,0.09941368194830905,-0.12994188108994836,-0.09880156878793213,0.06884920506296639,-0.0632492108985096,-0.04211616919725378,-0.03382674276486946,0.12195856114483747,-0.07800052846388465,0.07897351854393911,0.07301080802249134,-0.12476099208869251,-0.04828570631822528,0.02428253254660991,-0.028072771217552722,0.049203726778240114,0.038888201951330865,-0.10019033003981835,0.06339356330660156,0.1943832828156857,0.13051797914723043,-0.1834995456146822,-0.22308659989841712,0.010430827628922104,0.04425376725599973,-0.09409890546689872
scrum_106,spk_2,other,11,5.5,0,0,0,0,0,0,0.0,0.0,0.8148148147544582,0.0,0.20370370369993143,0.06730657558140642,-0.015434534551530644,-0.07045386454651657,0.07855224102503477,-0.06390648069328056,-0.03245870983688347,-0.07105680593743477,-0.022994456434422997,0.07789847233520851,0.08009113299271288,-0.0366716688546104,0.13934914889282346,-0.12905704153645625,0.007747392969715088,0.019008691457025516,0.05364502932962655,-0.07012011184191816,0.01980140012540492,-0.013031626052065075,0.08401897759264709,-0.009325738363918831,-0.018824953148121316,0.10312743981890439,0.12555689996957498,0.15351348665612802,0.12267584085253365,-0.012676063454712805,0.11784100135127863,0.0045169724670251,0.011775400463764265,0.015176369803574624,0.10244708042744599
scrum_106,spk_3,junior,14,7.0,1,0,0,0,1,0,0.0,0.0,1.0370370369602195,0.0,0.2592592592544582,0.061568356368278565,0.05031506440463698,-0.15969397694591494,-0.10914951757369871,-0.06491384200317901,0.08033113762916977,-0.13917839415691444,-0.00695914126612758,0.038130886034653325,-0.1817004455785181,0.09276757716271376,0.01976129832891334,0.048478771456095256,0.01250657841600664,0.026293824322528452,0.05320453712750819,0.11683262405954536,0.02567033729916567,0.020085430753673486,0.13003529079090465,0.08300332522867092,-0.026468665257743815,-0.10983587685089374,0.11383736908506473,0.028782515654426636,0.04057257231496326,0.02975156212170888,0.1121719280926825,-0.12394901354442762,-0.08538600583450717,0.1506172709938655,-0.09191687694736095
scrum_106,spk_4,other,15,7.5,0,0,0,0,0,0,-0.5,0.2,1.1111111110288066,0.0,0.27777777777263374,0.11949104485365972,0.13521648003425168,-0.04122358659265566,-0.08424085936415328,-0.007560114198968674,-0.05798477956220976,-0.07737986487468046,-0.02821704516726767,0.08069496407746811,0.0074624149169234206,-0.21412211236471967,-0.0408378808988263,0.017347528594449328,-0.016637228882846418,-0.051526751482366115,-0.08185599857158493,-0.06196813675655798,-0.1200976005797455,-0.07483788424546566,-0.07091664207048275,-0.11486154199965007,0.009140516632041549,-0.019078187171740858,0.055632947723113294,0.014925841690166076,0.05652237505202621,0.021048606025153682,-0.02753488246023098,-0.1240047610280822,0.03138463043327023,0.10854033368859914,-0.04998351664557917
scrum_107,spk_1,other,17,8.5,0,0,0,0,0,0,0.11818181818181818,0.0,1.2142857141989796,0.0,0.4047619047522676,0.21497036738474873,-0.084374548052615,-0.1446210911035832,-0.07654259257339259,-0.07477911448556497,-0.21676243422701688,-0.03891051259535031,-0.01805062715940411,-0.0314515967121786,0.17605247143257702,0.13956309267740616,-0.16532657522221691,0.13917931964995245,0.11407698698741639,0.0922564645617817,-0.019855198541673735,-0.13222635542170313,0.1060920038905568,0.09857957754537144,-0.14243175118290605,0.05960096717875369,0.03439698941224097,0.03434700356770772,-0.11815304948847428,0.2202736998183319,-0.17432072321130554,0.15874374835249086,0.030039973090262528,-0.07151768022444754,-3.766130837202169e-05,-0.0027913993820536083,0.06040383913300595
scrum_107,spk_2,manager,18,9.0,0,1,0,1,0,0,0.0,0.2,1.285714285622449,2.999999991,0.42857142856122454,0.14007799597373263,-0.024799910393784003,-0.047334150041709606,0.04829263006977992,-0.05080251465780627,-0.03439722511145268,0.06463010665366535,0.04019750016274637,-0.0039537467304556215,-0.02768461257685566,0.1440816713201793,0.03868365184850757,0.07565165376045561,-0.02157690883998907,-0.04316364062316469,-0.1374872458613502,-0.08129446672985043,0.03577385520693724,-0.03351851722342002,-0.16280046586326888,-0.02401951866526276,-0.10166223022055335,-0.02953205405343588,-0.08238713488382049,0.14712268330012598,-0.053051139629360144,0.11448824603667579,-0.038099114397543876,0.0980282185137625,0.09827319225179512,-0.03134502351306774,0.07300029306505984
scrum_107,spk_3,other,7,7.0,0,0,0,0,0,0,0.0,0.2,0.49999999996428574,0.0,0.16666666666269842,0.11899586639816158,0.08838952001693354,0.021966223533674556,-0.12199760936065486,0.14384793783551914,0.09171958189838102,0.027398036873958066,-0.05191263710820753,0.07029997941642184,0.054079324387763854,-0.04272075868940118,0.10179151739846545,0.01625422479085321,-0.024779062000926916,0.035006449962511184,-0.006687532030778371,-0.05189654630615552,-0.016311248898302797,-0.024393247483028208,-0.01863105630395425,0.00460831716189716,-0.028201244394247565,-0.02285356731403045,-0.05950002508660437,-0.04238002448690999,0.015887230855562966,-0.01186612115437931,0.009515317950790745,-0.028335616222115452,-0.07968287186079653,-0.06249836107273525,0.06830680917685636
scrum_108,spk_1,other,13,6.5,0,0,0,0,0,0,0.0,0.0,0.928571428505102,0.0,0.30952380951643993,0.11193701909950006,-0.021544336302175997,-0.08288825825433205,0.0500655849697823,0.1764625826111648,-0.05175880242636121,-0.15387830827665766,-0.02963007607846834,-0.15040904865413884,-0.003648156227384142,0.003074676378168722,-0.06302631787342465,0.12627817826904347,-0.06382738774236543,-0.043422531464066924,0.01263688146322044,-0.019519519972421975,-0.11989272048894595,-0.07850944229068715,0.1418011253514722,0.05778159961155404,-0.0052457141845991895,0.1595359262039786,0.012155351117182116,-0.10377388701895851,-0.06199946594914136,0.05408710448097953,0.029922488458201432,0.06025950862171174,0.10343475290814626,0.16321620151826607,0.07594678879582034
scrum_108,spk_2,junior,14,7.0,0,0,0,0,1,0,-0.2,0.0,0.9999999999285715,0.0,0.33333333332539683,0.05117896993588872,0.02212093934175668,-0.10806356635976445,-0.03686046526969475,-0.11530481696841466,-0.09209672781190173,-0.0442785298473769,-0.014265485490396395,-0.07833983313155221,-0.06691673596685978,-0.08795204332858696,-0.028146981573984042,0.04899912174629557,-0.046844978754352506,0.11040175087106145,-0.020645689930661133,0.10982445173838966,-0.07173963319839285,0.05757638344135799,0.13752592838440572,-0.12264961005554832,-0.03839608111975081,-0.19136390704202696,-0.05005628607947006,-0.11608837371195398,-0.030290541985757976,-0.0809076963413277,0.0987600318742352,0.0023308484560328286,0.09905675801623975,-0.1605694124947672,0.15526526568166035
scrum_108,spk_3,other,15,7.5,0,0,0,0,0,0,0.0,0.2,1.0714285713520408,0.0,0.3571428571343538,0.08693956760447721,0.09144349207658518,-0.050368992748597304,-0.024252554813706664,-0.015479297116085132,-0.05131479626052839,0.06337860075647263,-0.040409902913616194,0.06677285811395502,0.007096683373323239,0.002010312439862848,-0.08234205440198351,0.06528189635856066,-0.13236168021518127,0.0175790685012548,0.038714620012414956,-0.01050292742985826,-0.03434226201000357,-0.07604432124813287,0.04571292648815967,-0.1381371569497276,-0.04874364212019907,0.04118619944445346,0.12588597226756232,-0.020442794124527007,-0.03930663528702298,-0.011990624860054975,-0.0828957682257049,0.035039679454666905,0.03185123104170938,0.0806790053281604,-0.0880234256333243
scrum_109,spk_1,other,14,7.0,0,0,0,0,0,0,0.0,0.2,0.965517241312723,0.0,0.2413793103406659,0.1812272818443586,-0.100004944640755,0.01357113832873931,0.043346166398778724,-0.04425357393531677,-0.015152322223632858,0.03768200062752409,-0.04238594723019647,0.040042400790631365,-0.01962725831832075,-0.028360893771347363,0.050121329823835735,-0.18341805770514402,0.0071241671693110815,0.07370479125846738,0.10749467941542651,0.00974880027010917,0.017354204980702035,-0.12612608026860847,-0.09277460586918393,-0.08647675030119951,-0.09163482312678649,-0.09080043431984806,-0.058101968762393166,0.02326246533593237,0.04026762128325376,0.05125888614988244,0.03243748255441992,0.05547039393565063,0.04187980344698824,-0.015603175369663456,0.06375406095686387
scrum_109,spk_2,other,19,9.5,0,1,0,1,0,0,0.0,0.2,1.3103448274958382,3.9999999839999996,0.32758620689090373,0.10740824148204817,0.016237335251497523,-0.10143303760762136,0.00020085784360602166,-0.028685334568980998,-0.12067723793805535,-0.11754043991470356,-0.08287208060286053,-0.07976578735972632,-0.05041526812450116,0.2620150508201981,-0.24937556319979073,0.02306857231261523,-0.09690292164319214,-0.14047477836026886,-0.07873195309028645,-0.04463811796468268,0.09959834778187394,-0.07792842071001613,-0.1472992603727782,0.15098920353886014,-0.05016848179603607,0.03643499281023517,-0.1709460386991972,0.04589656870202787,0.20781057030561975,-0.14575772761887434,-0.027267055433682123,-0.0016895617015302263,0.053063458381017246,-0.18332601318080846,0.050772108845918255
scrum_109,spk_3,other,13,6.5,0,0,0,0,0,0,0.0,0.2,0.8965517240760998,0.0,0.22413793103061833,0.1362674243590548,0.049876059806460156,-0.08645486408794278,0.10882134758841398,0.16400510026187237,0.003188692526002822,-0.002646239951841268,-0.060967183892167244,-0.03411704634924104,0.026298672971813018,-0.022971113826759773,0.03108307511897529,-0.03282305110284816,0.0007097409990626203,-0.0353191425027327,-0.07415699043542294,0.030822347777184365,-0.008990699238382506,-0.006861037129037386,0.04004880599273758,0.07916434658813973,-0.02278855054053758,-0.029892404627262475,-0.08711541855268874,0.009230913259441286,0.1491858554533839,0.04780377167591356,0.001586352509026781,0.010521028079051526,-0.059531852432591015,-0.15465063721605338,-0.023097357879062048
scrum_109,spk_4,manager,12,4.0,1,0,0,0,0,0,0.8,0.8,0.8275862068394768,0.0,0.20689655172057075,0.16035667296302888,0.17010933359903288,0.18670395335183976,0.15661604268597945,-0.10111847119284613,-0.00026991894113634004,0.0023446078673179287,0.001557724891159528,0.007878184680052401,0.06471072994257829,0.0008631362160307059,-0.0881390200322483,-0.0721508469718731,-0.040912094797723356,-0.026847112814582977,-0.1342386029160356,0.025606904978202928,0.11826039106779211,0.0436664299956427,0.05461981016890359,0.08432986219378756,-0.03420041939761078,-0.0698054947626619,0.03932621544099234,-0.07588895462763541,0.009010264959110122,0.0436951347822697,0.11731961753558014,-0.024774994495159946,-0.04468821327798205,0.06876777559962866,-0.06848821258825832
scrum_110,spk_1,other,20,10.0,0,0,0,0,0,0,0.0,0.0,1.1594202897878596,0.0,0.2898550724595673,0.027861166445079032,-0.0023378735890081993,-0.006467542375179522,-0.0049207819140029965,0.0021227247070814853,-0.0008406746451294705,0.007504691098023122,0.0005275111912888572,-0.011988373006766324,0.003577867764496479,0.02355067746513629,-0.006065099875181377,-0.0010965012549454779,-0.06069722396462442,0.01416319440835462,0.03012618165807525,0.004607344069595818,-0.06910414778198135,0.06040686050631494,0.04000765543644876,-0.060403029816497734,-0.06353502787320305,-0.023760657058756695,0.010407089340162877,0.0062253469589067,0.020130104817920515,-0.033819750758128826,0.023601737831368742,-0.007732989018233681,-0.007092716561809618,0.013474569251303267,-0.08855036343689843
scrum_110,spk_2,other,19,9.5,0,0,0,0,0,0,0.2,0.0,1.1014492752984668,0.0,0.27536231883658896,0.22599963119055436,-0.018383645467644087,-0.08430747236241859,0.07643333276386889,0.1842190229316057,0.042300034493853264,0.06145565093100741,-0.08271492187898824,0.018145047659169793,0.2261356154317394,-0.03940743793919869,-0.017451883238093536,-0.001314724969864366,-0.08452896139402641,-0.08538095859629166,-0.013587712358129032,-0.00579233149673529,0.05265658945444093,0.11132471702257331,0.12448666256371774,-0.07958380551367038,-0.14901250821417983,-0.09614383227963964,0.04429242988489751,0.0031618297012304375,0.043678033647960794,-0.011048054958275107,-0.034192587706531656,0.05437604395745923,-0.12279645758614686,0.021390714178346443,0.025718876702320863
scrum_110,spk_3,junior,17,8.5,0,0,0,0,1,0,-0.4000000000000001,0.0,0.9855072463196808,0.0,0.2463768115906322,0.048054764524924805,0.03502500472809007,-0.18771298366052877,-0.03825624290899432,-0.1690247631990674,0.20489605188741383,-0.11608431576161685,0.17054725304954235,0.07036469153415352,0.004744768250091827,0.129447692495631,0.13070667504274594,0.10762309228657355,-0.0002776859714049792,0.021048809969329927,-0.09828501536319555,0.07684905330889678,-0.04039515331008559,-0.14863570173199225,-0.023700939539758343,-0.005774632614017363,-0.16734014050204818,-0.05545892208741534,-0.03824529944512508,0.012531416165641681,-0.03544048074105649,0.1571157667750961,-0.08238997632660432,0.23331080641857493,-0.09765747099637048,-0.02676237761203008,0.009528308106847716
scrum_110,spk_4,other,13,4.333333333333333,0,0,0,0,0,0,0.2,0.2,0.7536231883621088,0.0,0.18840579709871874,0.14587098507692173,0.10556954176360932,0.07391996828783354,-0.10446889777640847,0.1065409016092614,0.09150034095923551,0.023781038662332634,0.0121654613295208,0.006006546320251443,0.14848708613860315,-0.024883241488933932,0.10798804598735762,0.008966341162521532,-0.03073695967147407,0.018755234244725496,-0.09562216492987495,-0.003073141871745891,-0.04650743773835957,0.06986135745056307,-0.12042116585227514,-0.01782965039637068,-0.012430237055781052,-0.07443346633921379,0.0953522525819127,0.06278435062451276,0.02787082255740446,0.03796657240284475,-0.1412242332097357,-0.08240521210282609,-0.126352152860491,0.010413874604673554,0.09513296482057566
